study_hours,assignments_pending,exam_pressure,academic_performance,sleep_hours,exercise_days_per_week,social_interactions_per_week,screen_time_hours,anxiety_level,financial_stress,family_support,peer_pressure,extracurricular_activities,relationship_issues,stress_score,stress_level
6.5,11,6,7,4.3,3,9,9.8,7,7,6,6,0,0,100.0,3
13.4,6,4,2,6.2,7,14,9.8,5,3,2,10,0,2,100.0,3
10.8,2,9,6,9.3,6,15,13.7,2,1,7,5,2,1,64.6,2
9.2,6,6,1,3.4,3,16,10.3,1,5,2,6,1,1,91.1,3
3.9,11,4,7,9.0,2,18,7.4,7,1,3,7,0,1,86.8,3
3.9,13,3,9,5.4,6,10,12.1,1,6,9,9,2,0,64.7,2
2.7,7,4,5,9.3,1,15,2.4,3,7,4,7,0,0,79.4,3
12.4,9,3,5,9.6,6,4,6.8,6,5,5,4,0,1,86.4,3
9.2,5,2,4,7.7,3,4,4.7,6,4,9,10,2,1,68.1,2
10.5,14,5,3,7.7,3,13,2.4,7,2,7,5,2,1,95.9,3
2.2,9,2,9,6.2,4,17,10.9,1,5,8,6,0,1,39.3,1
13.6,8,6,5,8.8,7,7,7.6,7,9,3,9,0,2,100.0,3
12.0,12,3,8,9.7,0,4,8.2,2,4,4,5,1,1,79.4,3
4.5,5,6,9,8.4,6,6,6.3,6,2,7,5,1,0,48.4,1
4.2,11,10,5,7.4,3,15,7.0,8,6,4,7,2,0,100.0,3
4.2,8,9,10,7.2,5,13,2.5,5,8,2,2,0,0,82.1,3
5.7,12,1,9,8.9,1,4,9.7,10,2,10,3,2,0,57.5,2
8.3,3,6,2,6.8,5,8,6.6,3,9,6,2,2,0,58.0,2
7.2,7,9,9,8.6,2,3,11.6,8,7,9,10,0,1,100.0,3
5.5,10,4,4,6.6,6,3,3.6,8,2,2,10,1,1,96.7,3
9.3,3,2,6,3.4,4,15,3.7,4,5,1,2,2,2,59.3,2
3.7,1,4,6,5.7,1,16,9.4,8,5,8,3,2,2,74.5,2
5.5,9,1,6,6.1,4,14,12.0,5,7,1,6,0,2,87.6,3
6.4,10,3,2,4.0,0,3,7.1,5,5,1,5,1,1,100.0,3
7.5,8,10,7,3.7,3,5,10.5,3,6,3,5,1,2,100.0,3
11.4,4,9,6,6.7,7,15,14.0,7,9,5,2,0,1,100.0,3
4.4,3,10,1,3.6,1,3,13.9,9,3,9,2,2,0,100.0,3
8.2,1,5,2,5.1,2,5,10.7,9,3,10,1,0,1,76.6,3
9.1,0,6,7,8.2,7,4,10.6,1,8,2,3,0,1,67.7,2
2.6,10,3,1,9.8,6,15,4.2,1,10,1,7,1,0,78.0,3
9.3,6,5,1,8.0,0,15,11.8,10,6,1,5,2,0,100.0,3
4.0,5,8,1,9.9,0,9,6.3,5,10,8,7,2,0,100.0,3
2.8,14,6,8,7.9,4,8,13.5,1,3,10,9,1,2,73.9,2
13.4,14,4,4,5.1,0,3,2.1,4,2,10,6,2,2,98.6,3
13.6,1,2,4,7.7,1,13,6.7,1,2,10,2,2,2,23.5,0
11.7,7,9,2,7.9,4,3,8.2,2,2,2,1,0,0,98.4,3
5.7,10,1,1,5.6,7,11,6.3,2,5,9,1,0,2,38.7,1
3.2,3,1,10,3.1,0,9,3.7,4,5,9,10,0,0,58.3,2
10.2,7,4,9,7.9,6,3,8.7,8,1,2,9,2,0,78.0,3
7.3,14,7,7,3.2,7,17,10.8,2,2,3,6,2,0,88.5,3
3.5,6,1,4,7.4,2,12,9.4,9,2,2,6,2,2,85.5,3
7.9,4,9,6,4.1,6,12,4.0,9,4,6,4,2,2,100.0,3
2.4,9,4,2,7.0,5,13,10.5,2,7,7,2,1,0,58.3,2
12.9,9,3,7,6.5,1,17,4.3,1,3,6,10,1,2,75.6,3
5.1,11,1,2,3.1,2,0,3.3,10,5,3,3,2,1,100.0,3
10.0,7,10,10,5.5,2,15,10.0,10,9,3,3,0,2,100.0,3
5.7,13,4,8,7.2,4,14,12.0,9,5,2,8,0,0,100.0,3
8.2,8,9,8,8.9,3,4,7.3,2,9,2,6,1,0,86.2,3
8.6,4,10,1,9.2,4,5,7.9,8,1,5,7,1,0,100.0,3
4.2,9,6,8,6.4,1,5,4.9,3,9,8,9,2,1,85.6,3
13.6,4,6,2,8.1,1,2,7.4,1,5,6,1,2,0,85.6,3
11.3,1,1,6,5.2,4,15,2.7,1,8,9,2,2,0,12.6,0
13.3,4,10,1,5.4,3,11,13.4,10,5,5,9,2,2,100.0,3
12.7,2,2,5,4.4,6,3,11.4,2,6,10,5,2,1,65.6,2
9.2,6,6,7,6.9,4,0,9.7,7,8,4,4,0,2,100.0,3
13.1,9,2,10,5.2,1,3,8.0,6,2,9,1,0,0,68.5,2
3.1,4,3,1,3.6,3,0,11.3,2,3,10,9,2,0,77.0,3
4.4,7,4,2,7.8,1,7,7.4,4,9,5,9,0,1,95.4,3
2.5,0,5,7,8.0,3,4,4.9,2,5,1,4,2,0,52.4,1
5.9,2,9,6,5.5,3,1,3.1,1,5,5,9,2,1,80.6,3
6.7,2,4,3,3.5,7,11,9.4,3,9,5,10,1,2,86.1,3
5.3,8,9,10,6.0,4,16,13.1,4,10,5,1,0,1,98.7,3
11.9,4,10,2,6.1,4,6,3.0,10,3,2,5,0,2,100.0,3
6.3,11,3,10,7.7,4,10,3.3,5,4,6,1,1,0,40.0,1
5.4,8,8,4,5.2,3,3,6.6,5,7,5,4,0,2,100.0,3
8.5,12,1,3,7.8,3,4,11.5,7,2,2,5,1,2,96.0,3
3.7,8,9,7,9.1,1,5,4.8,10,8,10,3,0,2,100.0,3
11.6,0,9,8,4.7,2,10,4.3,8,5,8,2,2,1,82.7,3
2.9,1,10,2,9.9,4,0,9.1,9,1,6,6,1,2,100.0,3
13.8,4,2,10,5.7,7,9,8.0,7,3,10,3,2,1,40.1,1
11.3,3,4,7,4.9,5,19,1.8,5,9,3,10,2,1,93.2,3
4.4,14,8,8,6.0,1,10,2.1,9,5,9,1,0,1,99.2,3
2.1,9,7,6,3.7,1,16,9.4,8,8,4,5,1,0,100.0,3
11.8,8,1,6,3.9,0,7,7.0,10,1,3,2,2,0,90.5,3
10.5,6,5,10,5.9,4,12,13.6,9,7,7,2,2,0,94.7,3
10.7,5,7,1,8.3,6,19,9.8,10,7,8,4,1,1,100.0,3
11.3,6,4,4,9.3,1,17,1.1,8,8,7,4,0,0,96.8,3
2.9,0,1,1,7.7,0,15,7.3,6,3,1,4,2,2,63.5,2
6.3,0,9,4,3.7,5,1,6.4,4,1,1,7,0,1,100.0,3
3.4,7,5,2,7.7,7,4,2.4,9,9,5,1,1,0,85.5,3
12.4,12,2,5,7.4,5,17,13.0,9,1,8,8,0,1,93.5,3
9.5,12,8,10,8.6,6,2,11.5,10,6,10,10,1,0,100.0,3
6.0,1,2,9,8.8,4,16,4.0,10,9,3,9,0,2,82.0,3
2.8,11,3,10,9.1,3,15,4.3,9,2,8,10,0,1,77.5,3
5.7,9,10,3,5.9,0,5,1.4,10,4,3,6,2,0,100.0,3
5.9,10,1,8,7.9,3,18,4.9,3,2,4,4,0,0,31.0,1
10.8,8,2,3,4.9,5,6,8.6,3,4,10,6,2,2,65.7,2
9.7,6,7,6,10.0,5,17,6.5,6,2,7,10,1,2,95.5,3
12.6,5,10,4,4.2,2,13,13.6,6,1,3,7,1,0,100.0,3
7.7,0,2,8,3.1,2,5,1.7,6,3,4,6,2,0,45.0,1
3.4,0,6,6,4.0,7,7,8.7,5,8,8,1,0,1,53.2,1
10.6,1,3,8,8.4,6,14,12.2,5,5,4,5,1,1,53.4,1
11.1,5,4,1,6.1,2,14,7.2,2,4,9,8,1,0,65.3,2
8.7,13,8,6,6.1,2,14,1.0,7,5,4,8,1,2,100.0,3
11.3,5,3,1,9.7,6,15,4.2,4,6,4,10,2,1,77.3,3
7.9,1,10,1,9.4,1,0,5.2,3,6,5,9,1,0,100.0,3
8.3,0,6,8,5.2,2,10,13.6,8,5,1,4,1,2,100.0,3
7.1,9,1,7,4.5,1,4,12.9,4,6,7,10,1,2,97.4,3
2.3,4,7,3,8.9,1,4,13.3,4,9,9,6,1,0,100.0,3
3.3,4,8,6,9.3,4,5,11.7,8,5,9,7,2,0,96.6,3
2.4,1,8,9,6.8,1,1,5.6,1,6,1,5,2,1,72.4,2
9.6,5,3,7,7.4,1,5,12.8,9,4,6,8,0,0,92.7,3
5.8,8,10,3,4.8,2,13,13.8,7,3,3,3,1,1,100.0,3
8.1,1,1,6,8.6,1,10,5.6,2,6,4,8,2,2,42.6,1
12.9,9,9,4,7.4,3,3,4.4,6,5,8,5,0,1,100.0,3
5.0,1,6,3,6.5,6,8,8.1,8,4,4,1,0,0,68.6,2
6.9,2,9,9,3.4,2,2,3.4,5,5,8,6,1,1,85.6,3
11.1,12,7,10,9.4,6,15,1.4,6,7,4,2,0,2,100.0,3
4.7,6,1,2,7.3,0,10,13.3,10,1,9,7,2,2,84.8,3
2.9,5,1,1,4.3,2,3,13.0,8,1,6,9,0,0,97.0,3
5.5,11,6,2,7.2,1,0,3.1,6,1,1,3,0,1,100.0,3
3.9,7,5,7,7.7,3,15,6.3,9,2,10,10,2,0,69.3,2
13.2,14,9,10,6.7,6,18,11.8,9,9,2,4,0,0,100.0,3
11.7,7,2,1,8.0,2,15,9.6,9,5,7,4,0,2,100.0,3
9.6,5,8,6,7.1,3,10,6.1,6,9,10,4,0,1,85.9,3
12.5,11,5,7,9.6,6,7,10.7,9,5,7,3,0,0,100.0,3
11.6,10,2,9,3.4,0,0,12.7,3,7,3,5,1,2,100.0,3
4.2,9,10,8,3.7,5,8,13.0,5,6,1,9,1,0,100.0,3
12.7,2,6,6,4.2,7,11,5.9,2,2,8,8,2,1,58.6,2
8.5,2,10,3,7.8,7,7,3.3,8,3,10,10,0,0,92.4,3
11.7,14,8,8,7.5,0,16,12.9,4,5,10,2,2,1,100.0,3
12.8,0,4,7,9.2,5,9,2.2,6,4,7,9,1,2,63.0,2
5.8,6,2,3,8.1,4,6,10.4,6,6,10,10,0,2,86.6,3
3.3,4,5,9,6.6,5,18,2.8,5,8,8,2,0,0,46.6,1
4.7,3,2,2,9.9,4,5,6.1,1,8,1,7,1,2,62.0,2
7.1,9,2,3,4.9,2,18,6.4,7,3,3,5,0,0,89.3,3
11.8,14,6,2,8.8,4,17,3.1,10,4,2,7,0,0,100.0,3
12.3,3,10,1,6.0,7,14,13.0,8,1,1,5,1,1,100.0,3
2.1,13,9,4,7.5,7,1,1.0,1,2,5,6,2,0,76.5,3
8.1,3,4,5,8.1,3,13,12.6,10,9,3,8,2,1,100.0,3
7.0,5,6,6,7.4,4,9,12.5,7,10,10,1,0,0,87.1,3
4.7,14,7,5,4.0,3,15,5.1,4,10,8,1,1,1,96.2,3
3.4,7,6,1,6.1,7,6,10.2,6,2,6,5,2,2,93.6,3
6.1,7,8,3,6.9,6,7,4.3,9,6,10,1,2,0,83.6,3
13.3,4,4,1,8.9,6,9,10.9,5,7,9,3,0,1,92.6,3
5.9,14,1,5,6.1,5,14,8.3,8,6,9,10,2,0,88.1,3
8.2,5,7,5,9.4,5,7,4.9,5,8,6,9,1,1,86.0,3
10.4,3,3,6,6.1,5,12,6.2,2,9,2,7,2,1,65.3,2
6.4,11,6,8,6.8,4,11,10.0,4,8,9,6,1,0,79.0,3
13.7,13,2,10,8.6,5,7,12.8,2,5,2,8,1,0,83.1,3
13.5,10,9,1,7.1,4,14,2.7,7,8,3,8,0,2,100.0,3
5.0,12,1,4,9.7,4,11,8.4,7,10,6,6,2,2,96.8,3
8.0,8,6,10,7.6,1,10,4.3,3,10,2,4,0,2,91.3,3
5.6,7,6,1,6.7,1,18,11.4,7,9,5,4,2,0,100.0,3
5.4,9,5,9,3.2,4,13,1.9,1,8,2,4,0,2,81.8,3
2.4,11,5,7,5.9,6,17,10.0,1,2,4,6,0,1,72.5,2
9.3,9,1,7,5.1,3,12,3.3,9,2,3,1,0,0,59.7,2
8.0,0,10,5,8.2,7,3,8.8,6,3,5,2,2,1,76.2,3
2.6,14,5,7,4.5,7,16,11.9,5,7,6,6,0,1,100.0,3
5.3,1,2,2,4.4,2,18,10.8,6,9,7,1,1,1,60.3,2
12.9,8,7,4,4.3,0,8,10.8,6,8,10,9,2,0,100.0,3
4.9,7,3,7,3.9,1,6,7.7,1,9,8,6,1,0,63.3,2
3.7,13,4,3,5.2,4,0,12.6,5,6,9,7,0,2,100.0,3
7.9,2,3,2,9.2,0,6,8.6,9,1,4,1,0,2,72.3,2
13.8,7,3,10,8.4,1,6,12.9,4,4,4,8,1,2,100.0,3
4.9,11,4,2,8.1,2,19,8.1,3,6,7,5,0,2,84.7,3
10.1,0,5,1,8.6,7,6,7.6,1,6,10,5,2,1,35.0,1
11.1,9,1,5,4.9,3,7,3.9,2,8,10,6,1,0,53.8,1
4.9,3,4,6,9.2,4,15,8.1,3,1,9,7,2,2,31.5,1
10.7,2,8,6,4.0,2,2,2.8,4,2,2,7,2,1,100.0,3
6.4,5,10,9,5.4,7,12,12.3,7,2,6,5,2,0,90.6,3
9.6,6,7,4,7.1,6,9,9.8,6,6,10,1,0,0,71.5,2
9.6,3,9,1,3.7,1,17,13.9,8,7,10,9,0,0,100.0,3
8.4,6,5,6,8.1,4,6,2.2,9,2,8,6,1,1,69.1,2
3.1,8,10,5,5.7,0,4,4.1,6,5,5,9,1,2,100.0,3
12.0,10,4,10,8.5,6,6,12.4,7,6,5,4,2,0,91.4,3
5.8,1,8,6,6.5,7,16,6.1,4,4,8,2,0,1,50.3,1
4.2,10,9,3,4.3,6,3,7.1,2,1,1,3,0,0,92.7,3
2.5,2,7,2,8.1,5,15,12.2,9,3,6,4,0,1,94.8,3
9.1,4,7,6,4.8,3,18,7.8,9,10,10,10,1,2,100.0,3
10.1,2,5,1,6.4,7,9,3.5,4,9,9,8,0,2,87.7,3
2.2,10,4,7,3.5,6,2,12.6,3,6,6,3,2,0,72.8,2
8.1,7,10,7,7.3,1,2,1.4,10,2,7,8,2,2,100.0,3
4.7,11,1,10,7.7,3,16,12.6,6,9,4,6,2,2,85.3,3
9.7,9,10,7,5.7,4,9,1.7,3,4,10,4,0,1,71.4,2
4.1,7,10,10,9.7,5,16,9.7,1,8,1,7,2,1,93.9,3
10.3,7,7,1,9.1,7,16,1.9,4,10,9,5,2,0,84.5,3
6.6,11,1,4,8.0,2,3,10.2,1,7,6,5,1,1,58.5,2
13.2,11,1,7,8.0,3,5,1.4,2,3,3,9,1,2,70.3,2
3.7,8,5,9,4.8,0,11,12.0,3,8,4,3,0,1,86.5,3
6.1,3,9,5,7.6,1,19,7.1,8,4,10,10,0,2,100.0,3
3.4,4,6,2,4.4,7,16,2.2,10,2,6,4,0,0,86.6,3
13.1,4,3,7,4.0,0,16,10.2,4,5,6,5,0,2,100.0,3
12.5,7,3,10,10.0,3,9,7.4,4,1,9,1,0,1,47.9,1
5.1,6,7,1,7.4,7,6,3.5,10,8,4,7,1,1,100.0,3
9.9,8,6,7,6.0,5,15,1.2,9,8,5,8,1,1,100.0,3
11.8,14,9,6,5.0,2,12,6.4,7,3,5,6,1,1,100.0,3
8.7,14,6,7,7.2,2,2,2.1,2,1,3,9,2,0,94.2,3
8.4,13,5,10,3.3,0,1,2.2,3,4,2,3,2,2,100.0,3
4.9,7,10,3,3.7,4,15,4.5,4,9,8,2,1,1,94.1,3
3.1,1,7,3,3.2,4,5,9.2,4,9,10,5,1,2,92.0,3
12.8,9,1,7,6.5,5,5,7.9,10,1,9,9,0,0,90.9,3
12.8,11,7,2,7.2,2,12,1.9,8,7,10,1,1,2,100.0,3
9.6,3,3,1,3.4,0,6,13.6,10,6,9,1,0,1,100.0,3
6.1,5,9,9,8.0,0,4,12.5,10,7,5,10,1,2,100.0,3
6.2,11,6,9,4.6,7,6,4.4,6,7,9,3,0,1,82.2,3
10.7,1,9,7,7.8,7,1,2.6,3,8,4,10,1,1,94.0,3
12.8,6,5,7,9.9,0,16,13.3,9,8,2,3,0,0,100.0,3
12.6,2,7,3,7.8,7,12,7.0,10,10,3,5,2,0,100.0,3
11.4,12,4,10,9.2,3,15,5.0,8,2,1,4,2,2,87.2,3
9.7,2,7,2,9.6,7,19,7.4,9,4,5,6,0,2,100.0,3
3.0,10,1,7,6.4,5,1,11.0,5,4,1,8,0,1,86.1,3
3.9,1,7,9,7.9,4,4,3.2,3,10,1,8,2,1,70.4,2
12.8,10,8,1,9.0,4,17,11.0,4,8,7,4,1,1,100.0,3
9.3,7,5,4,5.5,3,6,10.7,5,3,2,1,0,1,94.3,3
2.1,5,2,6,4.8,1,10,8.0,9,3,8,7,1,0,70.9,2
3.2,0,5,7,9.6,3,10,12.3,9,2,6,6,2,1,66.3,2
10.0,11,6,10,8.1,5,16,2.7,3,1,4,5,2,0,53.1,1
2.1,0,2,7,4.5,0,15,8.7,7,8,9,4,0,2,78.8,3
3.9,6,6,10,6.1,3,12,6.8,6,9,10,6,1,2,80.2,3
8.6,7,6,2,8.6,0,4,6.5,4,9,8,8,2,0,100.0,3
10.3,4,1,4,6.8,5,19,4.3,5,8,10,6,1,1,39.1,1
9.8,11,1,5,7.5,6,15,5.8,10,5,3,3,2,2,93.1,3
4.7,10,10,1,8.3,5,15,2.4,2,1,3,9,0,0,94.2,3
10.5,4,3,1,7.4,2,15,4.3,7,9,4,3,1,2,100.0,3
4.8,3,10,10,6.8,0,13,4.5,4,6,9,4,1,1,61.6,2
5.9,13,10,3,8.2,4,5,10.4,2,7,9,5,0,0,100.0,3
11.0,5,3,10,8.1,3,1,1.6,6,8,5,2,0,2,74.8,2
9.8,13,4,3,7.4,6,13,9.5,2,5,9,10,0,1,81.1,3
12.2,5,2,8,5.5,5,15,3.9,10,6,6,10,0,0,85.5,3
9.9,2,9,9,5.8,0,19,2.1,2,7,8,2,2,0,61.7,2
8.8,8,10,1,9.8,6,12,4.9,7,7,8,6,1,0,100.0,3
3.1,11,7,2,3.8,1,14,3.9,1,2,10,2,2,0,62.6,2
6.4,10,7,10,4.9,2,11,8.2,7,1,7,10,0,2,100.0,3
5.2,13,6,2,6.4,1,8,5.6,10,8,4,1,2,0,100.0,3
4.9,6,3,4,8.9,5,17,13.6,5,5,4,8,2,0,73.1,2
13.7,0,6,2,4.1,1,13,13.5,1,10,6,10,1,0,100.0,3
6.7,14,8,7,4.9,1,19,6.8,6,2,9,10,1,0,97.3,3
12.7,12,8,9,3.5,2,3,11.3,7,3,7,1,1,0,100.0,3
9.6,6,9,7,7.9,2,7,1.2,1,6,5,10,0,1,92.9,3
11.5,4,1,6,4.7,7,7,8.1,9,10,5,6,0,2,100.0,3
8.0,4,1,10,5.7,2,15,10.7,7,6,8,1,1,1,33.2,1
8.9,13,3,1,6.1,6,9,3.8,1,8,6,8,2,2,81.5,3
7.9,12,3,10,9.2,7,16,1.8,3,5,1,5,1,0,53.6,1
4.3,1,10,9,5.9,2,0,3.0,5,5,1,3,0,2,100.0,3
10.7,3,8,5,4.0,1,17,6.7,4,7,9,5,2,0,94.7,3
5.4,11,10,5,6.7,4,9,7.6,2,10,8,1,0,0,92.3,3
2.3,5,1,6,9.7,4,3,6.0,1,5,6,1,1,1,13.7,0
9.7,9,2,9,7.3,7,0,6.7,4,9,1,4,1,1,83.0,3
4.1,14,2,8,9.9,2,3,7.1,7,6,2,9,2,1,100.0,3
13.3,10,3,8,8.9,6,3,11.0,4,7,10,9,1,2,100.0,3
13.4,6,6,8,3.3,3,3,2.4,9,8,3,1,0,2,100.0,3
13.0,10,1,1,7.6,0,16,11.0,8,5,10,3,0,1,100.0,3
6.4,4,2,1,5.0,5,8,10.0,8,4,3,4,0,1,84.1,3
2.2,8,1,8,6.9,6,18,10.6,5,8,2,2,2,0,48.8,1
13.1,2,5,5,5.0,3,12,10.5,1,10,2,7,0,2,100.0,3
7.1,0,7,9,5.4,5,3,7.1,9,9,6,3,1,0,87.7,3
13.6,3,8,2,9.5,3,4,3.7,2,1,7,1,2,2,70.0,2
13.6,8,10,9,4.4,3,12,8.0,6,3,4,1,0,1,100.0,3
12.2,3,1,8,9.1,7,15,13.5,10,4,1,3,0,2,93.4,3
5.5,1,7,9,3.2,4,4,8.7,5,7,6,6,1,2,85.2,3
6.6,9,5,4,3.6,0,7,1.1,10,6,7,4,1,0,100.0,3
12.2,13,10,1,9.0,3,15,1.8,8,10,4,1,2,1,100.0,3
5.8,13,1,1,7.4,2,0,13.9,3,10,6,7,0,1,100.0,3
4.0,4,3,5,8.2,5,5,1.9,6,1,9,2,0,1,26.7,0
8.7,2,7,2,4.5,6,10,1.6,6,4,4,5,1,0,75.0,3
13.2,12,10,8,6.8,4,15,5.6,10,6,10,8,2,0,100.0,3
10.4,11,1,10,8.2,5,4,13.6,3,3,4,7,1,0,64.8,2
8.8,12,7,5,7.4,7,15,5.1,7,2,10,8,1,2,97.9,3
3.2,8,5,5,6.3,2,6,6.3,4,2,5,10,2,2,73.3,2
9.4,3,1,2,9.7,2,18,9.2,5,10,3,6,0,0,84.8,3
13.9,5,1,7,7.7,3,0,1.3,9,4,10,7,0,0,75.0,2
3.7,1,1,8,9.4,2,8,12.7,6,1,2,9,0,1,54.0,1
8.2,5,9,10,8.1,0,17,7.8,10,10,9,6,2,2,100.0,3
12.5,2,3,1,8.1,7,12,7.1,4,2,1,9,2,2,84.1,3
10.9,11,5,2,3.6,2,14,12.2,8,10,5,2,2,1,100.0,3
10.4,11,10,10,5.5,3,2,13.4,9,2,5,2,2,1,100.0,3
10.4,8,9,4,9.0,5,9,6.5,10,4,8,2,2,1,100.0,3
6.3,10,6,5,4.6,7,8,3.2,5,4,6,6,1,0,74.1,2
5.5,1,9,2,3.8,2,12,11.6,2,1,6,2,0,0,80.9,3
11.7,14,8,1,5.3,4,15,6.2,6,7,6,3,2,0,100.0,3
11.7,11,8,9,4.5,7,2,13.2,8,7,4,8,0,0,100.0,3
12.4,11,1,1,9.5,7,14,13.3,5,10,1,8,2,0,100.0,3
13.0,8,9,4,9.1,6,16,2.5,1,10,3,4,0,2,100.0,3
8.1,4,6,2,6.5,4,13,13.4,8,10,10,9,1,2,100.0,3
8.0,7,9,4,3.4,4,6,5.8,9,1,6,8,0,2,100.0,3
11.6,1,3,8,8.0,5,19,9.4,1,8,5,1,0,1,41.9,1
9.8,5,3,8,7.4,1,15,1.5,8,10,10,8,2,2,82.1,3
10.4,2,6,9,9.8,6,7,12.6,10,7,1,1,0,1,100.0,3
11.5,11,9,5,6.9,4,3,9.3,2,7,5,4,1,2,100.0,3
12.7,11,7,7,5.4,4,19,9.4,4,6,2,10,1,0,100.0,3
6.1,13,3,3,6.6,1,14,12.7,2,4,1,6,1,2,99.0,3
6.5,9,3,10,9.9,5,4,7.6,2,8,4,7,2,0,59.3,2
3.1,4,2,4,7.9,6,12,6.3,10,2,6,10,2,0,72.1,2
8.9,11,9,10,7.7,4,5,12.3,3,7,7,4,2,2,100.0,3
2.4,7,3,9,4.7,3,4,10.7,8,3,9,8,2,2,89.9,3
7.6,9,5,10,8.2,5,16,13.3,4,3,5,8,2,0,65.9,2
8.5,13,9,10,8.3,6,6,13.2,7,7,8,9,1,1,100.0,3
5.4,0,8,1,5.2,4,5,6.0,10,3,8,6,0,1,100.0,3
9.1,4,2,2,6.4,4,1,6.8,3,5,9,4,1,2,60.7,2
2.4,2,3,5,5.1,1,10,4.3,10,8,3,2,2,0,75.6,3
2.4,3,2,3,4.8,6,6,9.6,3,4,3,7,1,1,53.6,1
11.9,1,8,2,3.2,3,7,5.7,2,7,9,10,0,2,100.0,3
6.3,8,6,1,5.0,5,4,11.2,6,7,7,3,2,2,100.0,3
3.5,2,6,10,6.9,2,17,2.6,6,2,4,3,1,0,34.8,1
8.3,14,9,3,3.0,0,15,2.5,1,8,1,3,1,1,100.0,3
11.2,1,8,1,5.0,3,13,3.7,7,10,7,4,0,2,100.0,3
4.6,9,4,1,9.2,2,11,2.1,4,10,10,2,2,1,70.3,2
9.5,10,4,1,7.2,3,16,9.1,3,9,6,5,2,2,100.0,3
3.0,8,9,8,7.3,6,4,2.9,8,6,3,3,0,2,100.0,3
2.6,6,1,3,5.8,2,13,3.1,2,5,5,10,0,1,51.9,1
8.4,5,2,1,7.7,6,5,1.2,9,1,3,5,0,1,73.1,2
8.5,0,2,7,4.3,2,14,11.2,8,1,8,7,0,0,60.2,2
9.6,4,6,10,8.7,3,6,11.6,8,9,5,9,2,0,100.0,3
10.7,11,4,3,3.8,1,13,3.1,3,4,10,2,2,0,73.4,2
13.7,10,10,8,7.6,3,17,10.6,4,1,10,9,1,0,100.0,3
8.2,13,3,4,5.4,6,0,6.6,2,10,6,10,1,1,97.1,3
5.9,14,3,4,8.2,3,5,4.1,2,3,2,6,1,0,62.1,2
11.5,10,3,5,6.8,7,2,9.1,4,6,8,6,2,1,81.8,3
5.2,2,6,6,6.2,7,4,3.3,6,8,9,3,2,2,64.1,2
7.3,0,8,7,4.2,2,11,10.8,5,10,3,10,2,1,100.0,3
2.9,3,7,4,7.5,7,10,1.6,1,2,6,9,1,0,49.0,1
2.3,12,4,8,9.8,0,12,13.5,10,8,6,4,0,1,100.0,3
13.6,1,4,6,8.8,2,15,1.9,1,1,2,5,0,1,41.9,1
12.0,1,10,1,3.4,7,17,8.5,6,2,10,3,0,1,94.0,3
10.4,2,2,1,5.6,4,16,12.7,3,8,8,5,0,1,61.6,2
6.9,7,1,9,9.5,3,16,1.2,3,7,5,8,0,1,45.0,1
4.1,7,9,10,6.5,5,10,7.5,7,5,8,8,2,0,91.8,3
3.9,11,2,6,7.6,3,19,5.6,1,10,8,8,1,1,53.1,1
5.0,14,8,10,9.4,7,9,8.5,1,2,3,6,0,0,69.2,2
8.6,6,9,8,9.1,1,15,3.9,10,9,5,1,0,2,100.0,3
10.6,5,4,7,6.5,6,1,1.8,3,5,7,10,0,1,66.9,2
9.9,8,8,6,6.1,5,16,9.1,8,8,5,6,2,2,100.0,3
5.4,3,9,4,5.4,2,19,6.4,1,4,6,10,0,0,80.5,3
13.5,11,10,7,8.0,1,9,9.1,10,9,2,7,1,1,100.0,3
10.9,0,10,9,5.0,3,12,3.7,4,10,8,9,2,2,100.0,3
8.7,7,5,10,4.7,7,11,5.4,9,7,5,8,2,0,86.3,3
9.3,6,7,10,5.5,2,14,8.3,4,2,6,8,2,2,87.4,3
7.0,6,10,7,4.2,2,6,8.7,10,3,1,7,0,1,100.0,3
5.0,14,4,1,7.9,4,12,5.8,8,2,10,2,0,1,73.8,2
6.3,2,1,10,7.3,4,11,4.6,7,5,2,1,0,1,30.5,1
11.1,3,3,9,6.4,7,11,4.6,3,2,4,2,0,0,30.2,1
2.2,9,5,4,5.7,7,1,3.3,7,5,9,6,1,2,88.4,3
3.4,8,3,3,9.4,0,4,5.2,7,9,6,2,2,0,86.3,3
2.6,14,7,4,3.2,4,1,3.6,10,2,8,10,0,2,100.0,3
2.5,5,9,4,8.4,6,19,9.2,3,9,2,4,1,0,84.2,3
12.3,14,6,10,9.3,5,12,8.4,2,7,10,10,2,1,91.3,3
10.4,14,10,2,6.1,2,2,6.0,9,7,5,3,2,2,100.0,3
7.7,4,1,1,6.9,4,10,5.2,1,5,1,6,2,2,50.4,1
3.2,2,7,10,9.6,7,15,4.1,7,8,4,8,0,2,87.9,3
7.9,8,3,1,4.5,0,0,8.0,4,7,10,6,2,0,89.5,3
7.7,4,5,8,6.6,7,18,12.9,2,6,1,2,0,1,60.5,2
4.1,4,10,2,6.3,7,10,9.9,2,2,9,5,1,2,71.1,2
7.2,13,4,10,4.8,7,8,10.7,8,6,2,6,2,0,100.0,3
6.8,3,10,5,8.7,3,13,11.8,7,2,7,9,1,2,95.3,3
9.4,13,5,4,9.3,5,8,5.6,7,1,3,6,0,1,81.2,3
9.6,3,5,8,8.5,4,6,1.8,5,9,2,10,0,2,100.0,3
2.5,11,6,2,4.4,2,15,9.1,10,5,4,5,0,1,100.0,3
6.5,0,10,10,3.6,3,2,3.5,8,10,7,1,2,0,92.1,3
9.5,6,10,9,7.2,7,18,8.4,2,10,7,10,2,0,92.0,3
8.0,8,6,7,3.4,6,3,10.6,2,4,9,5,1,1,69.0,2
12.3,2,8,7,7.7,2,6,11.2,5,8,3,5,0,1,100.0,3
9.9,11,8,1,6.7,3,11,4.9,1,5,7,6,1,0,92.8,3
4.0,12,9,2,7.6,6,17,7.7,6,7,6,7,0,1,100.0,3
2.8,14,8,4,7.1,6,4,9.1,4,3,10,4,0,1,93.5,3
9.7,1,2,4,6.0,5,9,11.7,6,8,7,7,1,2,81.4,3
2.3,2,10,3,4.4,2,11,10.9,7,8,7,5,0,0,100.0,3
9.0,0,1,7,5.1,4,7,13.8,3,3,10,6,1,0,31.1,1
13.3,5,10,8,6.7,4,18,1.1,8,9,5,4,2,1,100.0,3
8.9,10,2,2,7.6,0,14,6.7,7,8,9,8,1,1,85.8,3
6.7,10,2,4,8.5,3,0,4.3,1,1,7,9,1,1,42.7,1
9.7,6,3,3,8.4,0,2,2.6,6,8,7,2,0,0,84.0,3
7.5,10,10,2,9.8,1,17,12.8,7,4,3,4,1,2,100.0,3
8.5,10,7,6,5.0,4,17,14.0,4,6,1,8,2,0,100.0,3
13.3,1,2,4,3.5,3,1,3.3,2,10,5,8,2,2,100.0,3
6.6,7,1,6,5.4,5,4,1.5,10,9,8,9,2,1,86.7,3
13.5,13,6,2,8.2,0,0,4.6,9,5,5,3,2,0,100.0,3
12.9,5,9,4,6.1,5,9,11.9,7,7,10,1,1,2,100.0,3
4.3,13,3,6,8.7,5,19,4.8,1,1,3,9,2,0,47.3,1
2.8,3,6,5,6.8,7,9,1.7,8,9,9,1,1,2,66.4,2
3.2,4,3,3,9.5,7,4,1.7,3,6,2,3,1,2,60.8,2
2.2,7,1,8,9.6,5,17,6.6,4,4,3,3,0,0,33.2,1
3.1,13,5,7,3.5,0,14,13.1,5,6,4,9,1,1,100.0,3
10.2,2,10,3,6.2,7,19,4.7,1,5,10,1,1,0,51.7,1
2.9,2,4,6,7.3,1,7,6.6,6,3,1,7,0,1,71.5,2
5.8,13,7,4,4.8,6,16,2.3,10,7,4,2,2,2,100.0,3
12.1,14,6,5,5.8,6,11,7.4,6,3,4,7,2,2,100.0,3
2.3,13,10,5,7.7,7,11,10.1,2,2,9,1,1,0,74.9,2
11.8,10,7,7,4.6,0,0,4.5,10,4,8,10,0,0,100.0,3
5.4,3,5,5,7.2,6,3,4.9,6,7,2,10,1,1,97.5,3
3.4,0,4,3,7.9,2,7,11.9,8,5,7,8,1,1,81.2,3
10.4,8,7,10,3.6,6,0,1.1,6,9,6,10,2,0,100.0,3
9.5,7,7,5,6.5,4,14,9.3,4,10,7,10,0,1,100.0,3
12.5,7,6,7,4.8,0,17,6.1,4,7,4,2,1,1,92.6,3
10.8,13,8,5,8.1,7,0,4.9,9,9,5,3,2,0,100.0,3
11.6,9,4,5,4.3,7,10,9.5,6,9,6,8,1,0,100.0,3
5.4,5,10,9,9.2,6,1,11.9,8,2,9,3,2,2,94.4,3
4.1,6,5,3,6.0,0,0,8.3,8,1,2,1,0,2,100.0,3
11.0,5,4,6,4.4,1,11,1.4,7,4,9,9,1,0,80.7,3
11.7,8,1,1,6.1,2,15,7.0,3,4,10,8,0,2,67.5,2
13.9,2,8,10,5.9,7,9,7.0,10,2,1,4,2,1,100.0,3
7.0,13,1,5,6.0,0,17,8.1,1,3,4,8,0,0,68.4,2
6.5,2,5,8,7.1,7,14,9.7,5,3,5,5,0,2,64.9,2
11.3,2,6,5,6.6,7,16,1.3,10,5,9,3,0,0,83.4,3
6.1,9,6,9,4.0,4,9,7.5,10,1,6,1,1,2,86.8,3
13.2,2,5,6,3.5,6,2,8.6,2,9,4,10,2,0,100.0,3
12.3,8,3,8,8.1,4,15,5.5,10,8,2,5,0,1,100.0,3
7.1,11,5,10,6.9,6,5,9.7,2,8,5,6,1,2,74.7,2
11.0,3,8,8,5.5,7,2,4.0,7,3,8,4,2,0,70.8,2
11.1,12,2,3,8.7,0,8,5.1,3,2,8,7,2,1,57.6,2
3.2,6,6,7,5.7,5,10,13.5,8,1,6,3,2,2,88.0,3
12.8,13,9,7,8.6,6,12,5.5,9,6,1,7,0,2,100.0,3
8.1,14,8,10,5.1,5,17,5.5,8,10,8,1,0,0,100.0,3
11.9,8,8,6,3.5,2,3,8.7,6,1,4,7,0,1,100.0,3
5.8,10,8,7,9.5,4,7,13.6,5,5,2,1,2,0,100.0,3
12.7,11,7,2,5.8,5,12,13.8,3,9,1,1,2,2,100.0,3
6.7,6,8,9,8.5,4,9,8.5,3,9,7,2,0,0,75.6,3
2.1,8,6,10,5.0,6,1,1.0,7,4,2,2,0,0,83.5,3
12.9,11,2,10,7.5,6,7,12.7,5,7,4,4,2,1,87.3,3
3.1,2,2,1,9.1,2,5,8.4,6,7,4,1,2,1,57.6,2
5.8,14,8,1,3.3,6,15,5.8,6,4,10,4,1,2,100.0,3
13.4,3,1,3,8.8,7,17,11.8,9,5,1,2,1,1,81.1,3
13.4,13,6,3,7.0,2,16,6.2,1,9,2,4,0,0,100.0,3
8.9,7,6,1,7.3,5,5,1.4,8,7,1,4,2,2,100.0,3
9.6,5,4,7,6.7,6,12,11.7,10,7,6,9,2,1,100.0,3
7.4,4,10,4,9.1,0,13,8.1,5,10,3,9,1,0,100.0,3
5.5,12,3,10,3.3,3,9,5.4,6,7,1,1,2,0,82.3,3
5.9,3,3,2,4.8,1,10,4.3,6,9,8,5,0,2,89.4,3
10.1,7,1,10,9.1,7,12,8.7,1,5,4,7,1,2,51.3,1
11.0,0,3,5,8.3,3,11,3.7,3,6,10,4,2,1,21.3,0
11.5,13,4,6,3.1,3,8,5.2,6,3,7,5,2,1,96.1,3
11.5,8,5,9,6.6,4,3,9.3,9,1,10,2,0,1,73.3,2
3.1,0,3,4,6.7,7,6,12.5,6,2,2,3,2,1,50.8,1
7.9,7,6,2,5.8,7,1,7.9,6,8,6,7,1,2,100.0,3
2.7,3,5,5,5.1,2,6,10.9,1,1,6,10,1,0,53.6,1
8.6,8,3,3,7.8,4,8,10.9,9,10,7,7,2,0,100.0,3
7.3,13,6,2,4.5,5,4,9.6,4,7,1,4,2,1,100.0,3
12.7,10,6,1,8.6,1,14,4.2,2,5,1,1,2,2,96.4,3
6.2,4,8,10,8.6,5,17,12.3,1,6,2,1,2,1,55.7,2
3.4,2,2,2,5.9,0,3,6.7,3,8,2,4,1,1,76.2,3
3.7,8,1,6,5.0,1,18,1.6,3,4,5,4,0,2,59.7,2
11.1,10,4,8,5.0,4,19,4.2,5,6,1,6,1,0,95.7,3
9.4,13,7,3,6.4,6,6,11.0,1,3,2,7,2,0,98.0,3
3.2,13,10,9,8.0,6,7,1.9,7,7,6,9,2,1,100.0,3
3.0,8,3,9,5.5,4,16,2.9,1,2,3,9,1,2,42.5,1
10.4,3,3,2,7.3,5,12,10.0,4,8,4,10,1,0,85.1,3
2.9,10,5,8,5.7,4,10,12.6,6,7,1,5,2,0,100.0,3
11.9,3,5,10,5.1,4,0,9.2,1,8,5,10,1,2,100.0,3
10.5,11,10,5,3.2,3,1,3.9,7,2,4,3,2,2,100.0,3
3.0,7,3,4,3.0,0,16,1.7,10,3,8,3,1,0,85.6,3
3.0,1,9,10,4.6,7,4,9.0,7,4,3,6,2,1,96.8,3
13.8,8,4,5,5.8,6,5,1.6,3,9,10,1,1,1,65.9,2
6.5,12,3,4,9.0,3,6,9.0,4,5,1,7,2,0,95.2,3
6.4,13,2,8,8.6,4,14,3.9,6,6,10,3,0,1,56.6,2
11.8,5,10,4,4.9,2,18,12.8,7,1,5,5,0,1,100.0,3
13.4,8,9,10,4.7,3,15,7.2,4,4,1,7,1,2,100.0,3
13.8,7,4,6,4.6,4,12,3.9,10,4,5,7,0,2,100.0,3
11.0,14,3,2,5.4,6,4,12.1,9,10,9,9,2,2,100.0,3
6.5,14,7,5,6.5,7,2,4.3,9,8,5,1,1,1,100.0,3
3.0,6,8,6,6.1,4,2,5.0,9,8,2,3,1,2,100.0,3
11.3,12,2,5,4.5,0,18,11.8,10,10,2,9,2,2,100.0,3
8.7,13,7,2,3.9,5,13,5.0,6,6,10,8,2,0,100.0,3
7.1,0,5,7,3.1,1,15,6.3,2,8,9,2,2,2,49.7,1
12.9,13,5,4,4.1,3,16,5.5,2,9,5,8,1,0,100.0,3
3.3,11,3,8,7.9,3,3,2.5,4,5,8,8,2,1,64.0,2
7.9,2,5,7,4.7,3,12,1.5,9,1,10,2,0,2,59.3,2
2.1,10,2,7,6.3,4,7,10.4,3,1,4,8,1,0,52.9,1
7.6,13,4,9,7.1,7,18,9.4,6,2,2,3,2,0,77.6,3
2.7,1,6,1,9.2,0,4,4.7,2,2,4,7,1,0,57.9,2
3.4,4,1,10,9.2,7,1,4.8,1,5,4,9,0,1,29.7,0
3.4,14,10,6,8.2,4,14,13.3,5,7,9,4,0,2,100.0,3
9.8,4,4,6,3.2,4,1,13.8,8,7,10,6,2,1,100.0,3
11.0,4,6,6,7.0,5,10,7.2,10,4,6,9,1,0,91.8,3
9.0,3,9,6,8.5,2,12,11.4,10,4,10,5,2,1,94.1,3
13.5,4,2,10,3.1,0,9,10.6,2,10,6,1,1,1,70.2,2
6.5,2,7,7,6.8,3,2,4.9,10,3,5,3,2,0,83.6,3
5.4,11,6,10,9.0,1,4,1.8,9,2,6,9,2,2,96.5,3
12.4,0,2,6,6.3,3,2,2.9,8,3,1,3,1,2,78.6,3
4.7,4,8,1,3.0,7,5,11.9,3,8,5,10,1,1,100.0,3
13.6,12,7,3,3.1,4,12,10.5,1,1,6,2,0,2,100.0,3
2.1,8,5,2,5.9,0,9,9.6,4,4,8,4,0,0,78.6,3
13.6,12,5,6,4.1,6,18,2.7,8,7,4,5,1,2,100.0,3
2.5,8,7,8,7.7,0,7,9.3,3,5,5,7,0,1,99.3,3
12.7,3,9,3,8.0,0,17,11.0,10,2,4,7,0,0,100.0,3
8.3,2,9,10,4.2,2,2,12.2,2,1,7,9,1,0,78.7,3
13.9,0,9,8,9.2,3,16,1.2,7,6,10,8,1,0,93.4,3
2.9,1,6,8,6.1,2,7,9.9,4,5,6,2,1,1,53.2,1
8.6,7,10,5,4.0,6,9,1.2,6,3,4,8,2,1,100.0,3
13.6,0,6,8,8.3,6,1,10.2,5,9,6,8,1,2,100.0,3
8.3,7,3,6,8.5,5,11,9.3,2,3,4,5,1,1,47.4,1
9.6,12,1,5,7.5,7,5,2.9,10,2,8,3,1,0,72.4,2
10.3,6,7,9,9.0,1,1,11.0,2,5,3,9,0,1,100.0,3
7.5,14,4,7,8.2,5,2,1.9,9,9,8,7,1,1,100.0,3
9.5,7,1,8,9.2,4,16,11.7,10,8,2,1,0,2,97.6,3
9.0,11,8,1,6.0,2,6,4.4,2,6,6,8,2,0,100.0,3
12.8,5,6,2,8.2,2,4,10.0,8,3,8,10,1,2,100.0,3
2.5,11,6,8,10.0,5,0,13.0,8,6,1,5,1,2,100.0,3
5.4,13,2,9,8.1,4,7,5.4,1,5,6,6,0,2,58.1,2
13.4,14,1,4,3.8,0,11,7.5,1,1,9,9,2,0,82.2,3
12.7,14,2,10,6.6,4,13,7.0,4,5,10,10,1,2,78.2,3
7.5,8,4,10,7.1,3,15,3.0,2,7,10,8,2,0,33.5,1
9.4,2,2,9,4.2,5,9,8.7,1,9,2,3,2,2,53.1,1
5.3,9,1,4,9.7,7,14,10.7,9,1,1,5,1,2,83.8,3
4.3,3,7,10,4.2,4,14,12.9,3,3,2,4,2,0,70.9,2
7.6,12,8,10,4.2,0,9,12.1,1,8,5,1,2,1,100.0,3
6.2,5,6,10,9.4,4,6,7.6,2,6,6,5,1,2,57.7,2
9.0,7,4,9,6.3,2,2,10.3,8,5,1,10,0,1,100.0,3
2.9,4,6,7,3.4,1,1,11.4,5,10,7,7,1,2,100.0,3
13.7,2,3,2,7.2,2,5,7.4,7,2,4,1,2,1,71.2,2
13.8,5,8,9,7.2,7,8,2.5,6,3,9,4,1,1,59.0,2
10.4,3,10,4,3.5,6,9,6.7,1,2,6,6,0,1,94.3,3
8.4,8,2,8,9.8,1,3,12.0,6,1,9,9,2,1,65.0,2
5.7,12,5,7,6.8,6,2,8.8,7,7,1,8,2,1,100.0,3
11.8,2,1,7,6.9,4,8,10.4,4,3,4,2,0,0,37.5,1
10.2,3,6,8,6.6,3,16,3.4,8,7,2,3,0,1,96.7,3
4.0,6,2,1,7.3,7,13,13.5,8,7,6,10,2,0,100.0,3
12.9,6,4,5,4.9,4,9,6.3,7,8,4,5,0,2,100.0,3
11.9,11,6,2,5.0,0,12,9.5,2,1,9,7,1,0,82.7,3
13.4,11,10,2,6.6,4,11,1.2,6,5,3,3,0,1,100.0,3
10.7,3,8,1,8.6,1,0,2.7,6,10,1,7,1,0,100.0,3
9.4,5,8,5,3.3,2,18,11.2,7,9,1,5,2,1,100.0,3
7.0,11,6,2,7.2,3,18,13.6,6,7,9,10,2,0,100.0,3
13.2,12,4,4,8.6,6,5,5.2,2,1,9,6,2,2,65.8,2
12.4,2,8,3,4.1,4,12,1.5,8,8,5,6,2,1,100.0,3
2.5,5,8,3,3.1,4,18,5.7,4,3,2,4,2,1,86.2,3
2.3,11,10,2,5.2,2,12,1.2,9,4,9,8,0,0,100.0,3
6.5,1,1,6,7.1,3,3,3.5,8,4,8,9,0,0,48.4,1
11.7,7,4,2,4.0,5,1,10.8,3,10,10,2,2,0,97.4,3
13.8,1,4,8,6.0,6,14,13.2,3,8,10,9,0,0,80.5,3
3.8,10,7,8,6.9,4,11,2.1,8,1,6,4,0,0,71.7,2
9.1,6,7,5,7.2,4,6,8.3,2,8,7,6,2,1,78.8,3
6.6,8,8,10,4.9,5,19,4.3,9,9,6,7,0,2,100.0,3
13.6,0,5,7,5.8,6,17,2.8,4,9,5,4,2,0,66.1,2
12.1,7,7,4,8.4,1,12,3.8,6,5,4,8,2,1,100.0,3
12.1,6,8,1,9.6,1,16,8.5,3,4,7,10,2,2,100.0,3
7.6,5,9,2,9.0,7,3,1.8,3,4,4,8,2,2,99.5,3
7.0,5,3,10,6.9,7,13,6.6,3,9,10,1,0,0,22.0,0
5.3,5,3,10,5.9,0,19,2.8,10,8,10,8,0,1,77.1,3
2.7,8,4,4,5.3,2,12,4.5,2,10,10,10,1,1,64.4,2
12.4,1,5,1,3.9,3,2,3.5,8,10,9,3,1,1,100.0,3
11.8,0,10,8,3.7,4,17,12.5,9,7,5,5,2,1,100.0,3
14.0,12,1,9,7.8,6,13,10.2,8,3,8,10,1,1,82.3,3
14.0,11,7,4,4.8,4,14,12.3,10,4,6,8,0,2,100.0,3
8.7,5,9,10,4.8,7,2,6.0,3,9,4,6,0,2,100.0,3
11.2,9,8,3,10.0,0,0,5.1,7,8,3,4,1,2,100.0,3
13.3,10,5,2,4.3,6,16,5.9,10,1,6,4,1,1,100.0,3
12.2,7,4,5,4.0,6,2,1.2,2,3,1,4,0,2,98.7,3
5.0,2,7,3,3.7,4,13,10.4,4,10,2,6,1,2,100.0,3
7.4,11,5,10,7.1,2,2,5.5,6,2,7,7,0,0,81.3,3
3.5,9,7,7,7.4,0,12,5.1,5,2,4,5,0,2,98.2,3
13.4,0,1,6,5.6,2,14,8.8,9,8,5,10,1,0,100.0,3
9.3,8,1,1,6.7,0,17,6.7,10,6,10,8,1,1,89.9,3
4.7,12,10,8,8.5,4,13,13.8,4,6,1,7,2,1,100.0,3
10.1,12,3,2,8.7,0,2,5.6,5,4,2,8,2,1,100.0,3
9.4,0,2,5,9.7,1,18,9.0,4,1,4,4,2,1,40.7,1
6.3,2,2,9,8.8,6,7,5.1,8,7,8,8,2,2,60.0,2
3.4,7,7,8,7.0,3,3,13.9,8,8,10,6,2,0,100.0,3
10.1,13,10,2,4.3,4,3,6.8,3,2,4,3,0,1,100.0,3
8.2,2,2,9,3.7,5,18,9.2,1,2,3,8,1,1,34.7,1
11.3,12,4,5,3.4,3,10,2.6,6,1,3,7,0,0,100.0,3
8.2,3,2,10,7.7,4,0,10.5,2,4,5,10,2,0,45.6,1
12.2,7,6,6,8.7,3,7,4.5,2,6,3,5,2,0,75.0,3
8.6,0,8,3,6.6,1,14,6.8,3,5,8,4,1,0,62.1,2
8.7,12,10,3,3.4,3,0,12.5,8,4,5,1,0,0,100.0,3
12.5,12,4,10,6.7,0,6,13.6,3,4,7,10,2,2,100.0,3
6.8,5,5,8,9.6,7,19,6.5,7,10,8,3,2,0,65.0,2
3.6,0,4,10,7.2,3,19,11.9,10,7,5,2,2,2,70.2,2
2.3,13,3,10,8.7,4,10,1.7,10,7,8,8,2,0,90.1,3
11.1,0,5,2,8.6,5,13,12.0,9,2,3,8,0,0,100.0,3
9.4,13,9,2,9.5,5,15,9.2,8,7,7,5,0,1,100.0,3
10.4,7,8,5,8.4,7,13,7.4,1,2,8,5,2,1,62.1,2
4.6,10,8,6,8.2,2,11,12.6,7,4,7,4,0,1,100.0,3
3.6,3,8,2,4.6,7,16,12.0,7,1,2,1,2,1,91.5,3
2.2,11,8,5,3.4,6,13,4.9,8,5,8,1,1,1,100.0,3
6.2,0,7,7,6.6,3,9,11.3,10,1,6,6,1,1,74.7,2
9.1,9,8,10,3.9,5,13,2.3,5,4,10,4,1,0,61.4,2
6.7,6,8,10,9.7,7,17,11.7,10,9,3,4,0,0,100.0,3
7.2,4,8,8,5.0,3,8,9.8,9,8,4,3,2,1,100.0,3
12.8,4,10,7,9.0,6,16,2.1,9,6,7,9,1,1,100.0,3
6.2,0,7,8,5.7,5,5,9.9,8,8,3,3,1,1,86.6,3
8.2,13,1,9,5.3,6,7,8.5,6,5,1,8,0,0,95.2,3
11.4,9,4,5,9.5,3,12,8.7,6,7,6,2,0,1,83.9,3
6.8,10,4,5,5.5,4,17,4.8,1,8,3,4,1,1,65.5,2
9.5,5,5,10,5.7,3,4,4.5,6,7,10,1,2,0,49.8,1
12.3,13,10,4,3.7,7,5,10.9,4,4,6,5,2,0,100.0,3
13.4,8,6,9,7.7,6,18,4.3,4,5,10,2,2,2,65.4,2
3.8,8,4,5,5.0,4,3,6.8,2,10,3,1,1,1,81.0,3
13.1,7,2,2,7.1,4,6,10.0,4,6,6,1,0,0,80.9,3
7.9,4,6,10,7.1,2,3,2.0,5,6,4,2,2,2,63.4,2
5.1,0,8,8,8.0,5,10,8.7,5,9,4,5,1,0,74.9,2
7.5,8,8,7,8.2,0,11,8.7,5,10,10,9,1,2,100.0,3
13.8,0,7,8,6.6,4,13,9.9,4,2,10,6,0,2,73.3,2
7.9,7,6,3,5.3,6,12,5.8,1,6,2,4,2,1,73.3,2
5.9,4,2,4,8.9,5,9,6.8,10,3,4,3,1,1,52.6,1
9.6,2,7,5,5.2,1,17,5.3,8,2,4,8,2,2,100.0,3
4.9,10,5,6,6.6,3,15,11.5,3,6,7,3,2,1,60.4,2
2.9,6,6,1,5.8,7,4,2.7,2,4,5,1,2,0,46.6,1
3.5,6,10,4,9.0,6,7,13.5,9,5,8,4,1,0,100.0,3
3.5,8,8,10,6.0,1,13,9.3,7,5,7,5,2,2,100.0,3
3.8,6,8,5,5.7,6,4,12.5,9,3,10,5,0,2,100.0,3
3.7,12,3,7,7.8,3,7,6.5,2,4,9,5,1,0,38.0,1
9.7,10,7,5,7.2,2,5,5.3,9,3,8,8,1,0,98.4,3
4.2,13,1,1,3.8,6,15,12.7,10,7,9,8,2,2,100.0,3
6.1,2,1,7,6.6,4,3,2.3,9,1,1,4,2,0,50.7,1
12.8,10,7,8,8.1,0,11,2.5,9,6,10,9,2,0,100.0,3
7.7,12,10,7,9.9,4,10,4.9,10,4,3,1,1,2,100.0,3
10.0,14,9,4,7.4,3,2,13.5,10,1,5,5,0,1,100.0,3
4.1,13,7,8,5.6,6,11,9.2,4,1,9,5,0,0,68.1,2
4.3,12,10,5,4.6,0,4,8.2,10,5,8,5,1,1,100.0,3
2.5,0,5,10,9.1,4,5,10.2,3,5,10,8,0,1,39.8,1
4.0,7,8,9,8.7,0,18,6.4,6,10,7,9,2,0,100.0,3
5.3,11,2,10,4.6,7,17,10.9,3,7,2,3,1,1,64.5,2
4.1,2,9,5,4.4,3,15,6.1,9,4,6,9,0,2,100.0,3
3.1,11,6,1,8.0,2,10,11.7,3,9,4,8,1,0,100.0,3
3.4,7,9,9,5.2,2,4,4.5,2,4,5,3,0,0,82.7,3
7.5,7,2,5,5.1,6,8,4.6,8,7,5,2,1,1,59.8,2
4.5,12,3,6,4.1,4,2,7.8,6,5,4,4,0,0,100.0,3
6.4,4,8,4,4.8,1,7,6.6,8,5,4,2,1,0,91.6,3
8.0,12,1,6,6.0,3,5,9.4,7,6,4,4,1,1,93.5,3
10.3,11,10,8,8.1,4,3,5.7,3,8,2,5,1,1,100.0,3
2.5,12,7,3,5.4,4,11,4.0,8,5,1,2,1,0,100.0,3
11.6,0,7,5,5.3,2,11,7.1,10,3,2,8,1,0,100.0,3
9.5,12,1,2,5.0,6,15,8.3,1,6,7,1,2,2,61.2,2
3.0,9,9,2,6.3,0,9,2.9,1,2,1,3,1,2,86.1,3
12.5,6,8,7,4.3,3,13,8.2,10,8,6,7,1,0,100.0,3
13.1,11,4,10,6.4,7,12,5.2,8,8,4,10,1,0,100.0,3
2.7,9,10,10,7.9,0,8,6.1,9,3,2,1,0,2,100.0,3
5.3,4,5,10,3.2,5,6,4.6,10,8,3,2,1,1,90.8,3
11.7,7,2,6,3.1,5,11,13.1,6,9,7,3,2,0,92.1,3
11.0,8,9,4,3.5,3,4,9.9,5,5,6,2,1,2,100.0,3
4.2,10,6,5,6.7,6,17,4.4,2,5,6,2,0,2,61.1,2
4.5,13,3,1,9.0,1,3,9.4,9,6,8,6,0,0,100.0,3
6.4,6,7,7,3.0,5,1,12.0,6,7,8,7,1,0,100.0,3
7.8,13,9,8,9.6,2,2,6.2,8,3,6,6,1,2,100.0,3
9.4,12,3,9,3.7,1,11,11.8,9,5,1,6,1,0,100.0,3
6.4,14,2,8,8.9,4,2,3.0,9,1,10,9,1,1,71.7,2
7.6,6,7,5,6.4,5,3,11.7,8,10,7,8,0,0,100.0,3
11.0,0,7,3,7.6,2,5,8.0,10,5,8,8,1,2,100.0,3
2.4,14,4,10,6.6,4,11,3.9,8,4,5,6,0,2,85.0,3
5.0,3,9,9,6.3,1,18,6.3,3,1,4,5,0,0,63.6,2
10.6,1,8,6,8.8,3,9,13.8,3,7,7,9,2,2,91.2,3
12.7,1,1,5,8.3,4,0,11.2,2,1,6,2,0,1,34.5,1
8.1,1,1,3,6.4,0,16,8.5,1,8,6,7,1,0,43.2,1
8.4,3,5,6,3.8,3,15,2.5,4,10,3,6,1,0,80.2,3
3.3,13,6,3,3.8,3,8,6.4,2,2,10,7,1,2,80.7,3
7.4,0,3,10,8.6,1,8,4.4,2,10,4,4,1,1,29.0,0
8.4,14,9,6,6.7,1,8,1.9,5,5,5,9,2,0,100.0,3
4.9,3,10,4,6.4,2,11,8.0,4,6,9,7,2,2,95.2,3
5.2,1,6,2,7.8,2,8,12.6,1,9,8,2,2,0,60.7,2
6.5,4,4,8,9.0,0,14,9.8,9,7,3,4,2,1,88.8,3
2.2,2,7,4,7.4,3,1,4.2,4,6,6,5,0,2,84.7,3
5.9,14,8,9,8.3,7,10,8.5,5,5,10,2,2,0,62.6,2
4.5,11,9,7,8.4,6,10,13.3,7,6,1,10,0,2,100.0,3
5.9,7,6,2,5.5,0,7,10.4,2,4,3,8,1,2,100.0,3
3.4,3,6,4,4.9,0,5,10.0,8,1,10,1,0,1,81.0,3
12.7,0,8,5,8.6,6,19,13.6,2,9,7,3,0,1,92.0,3
9.1,0,5,3,5.6,6,6,11.4,10,5,7,1,2,0,71.6,2
10.1,11,3,9,9.3,6,2,2.8,5,8,2,5,1,2,92.8,3
11.5,9,3,5,3.5,1,7,5.5,2,7,3,8,1,2,100.0,3
8.0,2,6,2,3.4,0,17,13.5,2,8,7,7,2,2,100.0,3
3.0,14,2,3,9.5,0,16,7.4,4,1,6,9,0,0,78.7,3
8.4,8,6,9,7.5,4,10,2.5,4,9,7,2,2,1,55.4,2
9.0,6,6,7,5.7,6,1,7.0,8,1,10,8,0,1,81.4,3
10.9,1,8,2,8.3,6,18,10.1,6,3,9,8,2,2,97.2,3
7.2,14,7,9,7.7,2,6,14.0,10,8,8,6,2,0,100.0,3
3.5,12,8,4,6.7,2,17,5.2,8,1,6,3,1,2,100.0,3
5.4,8,9,9,3.7,3,7,7.7,7,1,4,2,1,1,84.1,3
6.4,9,6,2,8.7,2,13,12.4,10,6,10,8,1,2,100.0,3
9.8,1,3,10,9.1,5,6,5.6,4,5,9,6,2,2,32.6,1
8.8,2,10,4,4.2,3,3,2.4,2,6,7,4,1,2,93.9,3
6.3,10,3,5,9.0,7,16,13.3,9,3,5,5,1,1,79.0,3
13.8,12,1,2,9.1,6,4,7.3,2,10,2,5,2,0,94.7,3
9.3,9,5,10,6.8,4,11,7.5,1,10,9,9,1,2,82.6,3
4.8,13,4,1,7.6,2,8,9.1,8,6,7,9,0,1,100.0,3
3.2,1,9,7,5.7,4,19,1.0,10,2,9,8,1,2,77.5,3
3.8,2,9,10,5.0,2,12,13.1,9,8,9,8,0,0,100.0,3
5.0,5,5,1,8.1,2,17,5.7,1,6,10,2,1,2,40.9,1
3.9,8,10,8,9.0,4,19,6.2,7,4,5,3,2,0,91.6,3
4.2,8,4,3,7.6,0,8,3.3,2,4,7,8,2,1,60.2,2
5.4,6,7,10,6.6,0,3,5.9,6,7,5,5,1,0,85.7,3
4.1,11,6,6,4.1,0,7,11.5,5,3,3,7,0,0,100.0,3
12.8,2,4,7,3.4,5,0,11.4,1,3,10,8,1,1,69.7,2
3.0,3,10,10,6.1,0,16,13.2,2,6,8,6,2,0,83.7,3
8.3,5,2,1,3.3,2,8,6.2,2,9,8,5,1,0,59.5,2
6.9,10,1,6,7.0,6,19,10.2,10,1,9,8,2,1,60.9,2
13.8,4,4,7,5.7,1,12,7.6,10,5,6,1,0,0,100.0,3
3.3,1,4,6,8.3,4,1,11.5,6,1,2,1,0,0,58.6,2
6.8,12,1,4,5.1,6,12,10.3,1,1,3,1,2,2,54.4,1
13.6,5,6,1,7.2,1,8,5.8,4,3,10,3,0,0,76.9,3
12.4,2,4,9,6.8,6,19,5.4,10,3,6,10,2,0,85.0,3
11.8,13,1,4,3.0,5,5,4.3,5,4,1,6,2,0,100.0,3
5.1,7,1,7,3.5,1,0,8.5,2,3,2,6,2,1,69.8,2
4.1,1,1,7,5.0,7,4,13.5,2,6,8,5,1,0,36.2,1
10.0,0,8,2,9.2,3,2,3.6,7,4,8,7,0,1,85.4,3
13.2,8,10,1,4.0,0,3,2.2,7,8,6,5,1,1,100.0,3
8.7,13,8,8,8.0,7,0,2.6,6,1,3,2,1,0,85.3,3
8.9,11,2,8,9.8,5,13,11.2,1,8,2,4,0,0,65.2,2
5.4,2,7,7,8.5,6,8,5.6,3,1,6,1,1,0,20.8,0
11.2,10,8,8,4.7,2,3,3.9,9,1,1,7,2,0,100.0,3
4.2,0,8,3,9.4,0,17,5.6,10,7,10,4,1,0,90.9,3
5.9,6,10,2,3.7,7,13,9.4,1,1,6,4,2,0,76.5,3
7.1,12,7,7,6.3,0,3,8.1,2,9,9,4,0,0,100.0,3
8.1,14,5,8,9.2,1,9,10.7,8,8,7,3,1,1,100.0,3
4.9,9,1,1,7.5,3,2,5.4,7,1,9,8,0,2,76.2,3
3.4,4,9,10,5.9,0,6,6.9,9,2,2,4,2,1,100.0,3
9.3,4,7,9,5.0,6,9,2.3,10,2,5,8,1,0,81.4,3
5.5,13,2,4,5.6,6,12,1.9,4,2,9,9,2,2,59.4,2
9.0,0,6,4,6.6,4,3,7.0,4,6,7,1,2,2,52.1,1
3.9,14,2,3,5.2,4,17,4.9,7,4,9,4,2,0,71.6,2
7.8,14,1,6,9.8,0,10,9.0,1,8,6,6,0,0,71.0,2
8.4,8,7,1,9.5,1,3,1.6,10,1,7,8,0,1,100.0,3
2.6,6,2,6,9.1,1,13,2.6,9,10,10,6,0,2,79.4,3
6.0,7,2,2,6.0,2,17,12.2,2,4,5,6,1,2,67.4,2
3.6,8,5,9,7.8,5,7,8.4,1,10,6,10,2,0,71.5,2
2.8,5,5,2,9.3,5,9,10.3,7,5,1,4,0,0,87.5,3
13.9,11,7,7,9.0,7,4,11.9,6,9,1,9,2,2,100.0,3
5.9,4,1,1,5.9,5,6,7.0,3,5,2,7,0,2,63.0,2
11.7,5,8,7,3.8,3,11,10.9,1,3,4,6,2,0,89.4,3
5.1,10,3,5,3.5,1,2,7.8,5,4,9,1,0,0,75.3,3
10.2,1,4,8,7.0,2,3,3.9,10,10,7,2,0,0,82.1,3
11.1,3,9,4,7.5,4,9,5.4,4,7,6,6,0,1,85.7,3
9.1,2,4,10,8.9,6,3,7.4,5,1,1,1,0,1,43.0,1
7.7,12,10,7,5.0,5,14,5.1,1,6,5,5,2,0,82.0,3
6.9,6,5,6,4.2,4,9,5.4,1,8,4,1,0,1,60.2,2
6.2,8,7,5,5.7,4,15,5.4,5,1,5,3,0,2,74.4,2
13.2,4,4,4,5.5,0,14,2.6,6,8,9,7,0,2,100.0,3
12.0,5,1,7,3.9,3,18,2.1,5,7,3,5,2,0,62.6,2
13.6,9,9,5,7.7,2,19,1.6,2,1,4,10,0,2,100.0,3
3.5,13,4,5,6.6,3,18,2.4,9,9,8,1,2,2,100.0,3
10.8,11,9,1,8.0,0,17,5.5,5,3,3,1,1,2,100.0,3
13.3,11,6,2,5.5,2,11,8.7,5,2,3,8,2,2,100.0,3
4.2,1,1,5,5.3,2,15,3.4,10,7,9,9,1,2,77.7,3
2.8,2,3,3,6.3,1,0,12.5,9,3,5,7,0,1,100.0,3
10.9,2,2,2,9.1,3,15,11.5,3,1,10,3,0,1,31.2,1
8.9,11,9,4,3.3,3,1,7.8,5,10,1,6,2,0,100.0,3
12.1,11,1,4,8.6,1,14,10.4,5,3,7,3,0,2,80.7,3
3.7,14,9,4,5.6,7,6,5.8,2,6,7,10,0,1,100.0,3
11.5,8,9,4,9.0,4,0,1.5,4,3,6,4,2,1,94.7,3
4.4,14,8,3,8.6,0,4,12.8,2,5,6,4,0,1,100.0,3
4.0,6,8,7,5.4,3,9,2.7,5,9,3,3,1,2,100.0,3
4.0,7,1,9,7.9,1,3,13.3,10,7,3,10,1,1,100.0,3
11.8,10,8,5,4.1,6,13,8.4,2,2,10,6,0,0,97.3,3
10.0,9,10,4,9.3,7,12,5.0,10,1,9,5,0,0,100.0,3
8.3,10,3,2,5.8,2,0,7.4,9,7,1,9,1,2,100.0,3
6.3,8,7,2,6.2,5,15,7.5,10,4,7,9,0,0,100.0,3
12.5,5,1,5,7.9,6,8,1.3,6,7,10,3,1,1,46.4,1
6.7,3,1,7,8.7,1,15,5.6,8,6,7,9,2,2,57.3,2
11.8,11,10,10,4.7,5,18,10.6,9,7,8,3,1,0,100.0,3
7.3,0,5,10,7.6,4,14,7.6,8,4,6,4,0,2,72.3,2
6.5,7,5,9,5.7,0,13,4.2,5,3,8,1,0,1,46.6,1
7.6,6,8,7,5.6,5,19,5.4,5,5,1,5,1,0,86.3,3
5.6,1,7,5,7.8,7,9,12.2,6,3,1,9,1,1,92.9,3
11.0,7,8,10,5.7,4,11,7.8,1,3,9,2,0,0,53.0,1
8.0,11,6,10,5.4,5,0,7.9,8,4,4,4,0,2,100.0,3
4.8,4,6,10,8.9,2,16,13.5,2,8,3,10,0,0,85.0,3
12.8,6,2,6,3.7,2,8,5.2,6,2,6,2,2,0,67.8,2
6.6,3,6,3,7.7,7,18,7.2,9,4,10,8,2,0,76.5,3
8.5,4,5,5,4.7,2,17,11.6,3,3,9,9,1,2,81.2,3
12.9,7,3,8,3.1,2,6,10.9,2,7,10,3,1,0,76.8,3
9.5,0,6,1,4.2,1,8,4.5,10,2,4,9,2,1,100.0,3
3.4,0,8,1,7.2,2,11,3.0,5,1,9,6,2,2,59.6,2
13.3,14,9,7,8.0,6,6,10.1,9,10,5,6,1,2,100.0,3
9.5,3,1,5,3.1,2,13,4.3,6,1,7,7,2,1,47.7,1
6.0,2,3,5,3.3,6,14,13.0,8,6,3,5,1,2,97.7,3
3.7,12,3,1,9.3,1,14,2.7,8,3,3,6,0,0,100.0,3
11.5,9,8,9,3.5,2,5,5.1,7,7,3,1,1,2,100.0,3
9.4,11,1,1,9.3,7,13,1.7,5,8,8,3,2,1,50.7,1
8.4,1,5,5,4.6,4,1,10.1,2,5,6,9,2,2,94.2,3
12.7,11,3,10,8.2,7,7,12.6,10,5,9,5,2,1,100.0,3
11.5,2,2,9,5.2,4,12,9.3,10,2,9,5,1,2,69.7,2
3.8,10,8,4,9.0,3,5,13.2,5,8,8,8,2,1,100.0,3
5.7,14,3,8,7.9,4,4,2.7,7,10,1,2,1,2,99.9,3
5.0,14,7,6,5.8,0,4,2.1,7,1,6,7,0,0,100.0,3
10.9,10,1,3,3.5,0,0,11.9,2,10,4,9,0,1,100.0,3
2.4,13,6,4,8.1,0,8,12.1,7,9,4,7,2,1,100.0,3
8.8,10,3,2,7.3,1,5,11.8,6,1,3,5,1,2,95.2,3
11.1,0,8,1,3.0,7,19,11.4,7,1,9,6,1,2,100.0,3
12.5,0,6,8,3.1,4,6,5.7,8,1,2,4,2,2,91.4,3
6.1,5,2,1,8.7,7,8,3.8,4,7,1,7,1,0,65.4,2
11.9,4,6,1,4.8,6,4,13.1,1,4,10,1,2,2,70.8,2
3.3,7,7,4,7.5,0,13,5.0,8,7,3,4,2,1,100.0,3
12.2,1,5,10,6.2,3,4,6.2,8,5,4,3,0,2,83.3,3
3.5,3,3,10,9.0,1,7,10.1,3,7,4,4,2,0,53.1,1
6.8,7,4,6,9.4,3,6,4.8,3,10,6,1,1,2,77.9,3
11.6,11,4,9,10.0,4,12,11.6,5,7,1,2,2,2,100.0,3
3.8,5,6,1,4.1,2,12,1.9,3,4,1,9,0,1,95.5,3
4.8,0,10,7,9.0,3,7,11.3,5,2,2,7,0,2,97.1,3
10.7,14,1,10,4.9,2,10,8.8,8,8,4,6,1,0,100.0,3
10.6,3,4,5,7.1,1,17,8.4,1,2,7,2,2,2,44.5,1
9.7,0,10,8,6.5,3,18,7.0,2,9,6,1,1,2,73.5,2
10.3,12,4,7,3.1,3,5,4.6,2,5,9,2,1,1,56.3,2
8.5,1,10,4,9.5,5,1,7.0,4,9,7,7,2,2,98.1,3
5.0,4,1,4,3.5,1,12,6.9,9,9,5,2,0,1,80.2,3
6.1,13,9,6,7.8,1,10,8.6,2,8,6,3,1,1,100.0,3
4.2,7,4,6,8.5,0,0,4.7,9,8,10,8,1,2,100.0,3
12.9,7,7,9,8.6,4,1,2.0,7,4,9,7,0,1,100.0,3
9.0,10,3,5,3.9,3,16,2.9,10,4,1,9,2,1,100.0,3
6.8,2,10,8,6.1,7,7,10.1,8,2,9,4,2,2,87.1,3
7.5,10,3,5,8.8,3,1,1.3,1,4,6,7,2,2,59.7,2
13.4,12,8,2,5.1,6,5,12.1,5,4,4,1,0,0,100.0,3
3.8,3,8,6,6.3,1,4,10.0,9,6,5,2,1,0,100.0,3
9.0,9,1,9,4.9,7,15,11.0,4,3,1,7,0,1,68.3,2
8.1,10,10,3,6.2,1,7,11.9,2,2,7,2,1,1,87.2,3
9.3,13,2,1,9.2,4,18,2.6,6,8,8,6,1,2,94.8,3
2.2,5,8,1,6.2,1,15,11.7,2,2,5,10,2,0,88.7,3
12.5,10,1,3,6.9,2,12,7.6,3,8,2,9,2,0,94.8,3
13.2,10,8,10,5.8,2,19,12.5,8,7,8,5,2,2,100.0,3
8.8,9,8,5,6.2,5,6,12.5,3,3,10,10,0,2,100.0,3
10.4,2,2,3,3.1,2,15,1.3,2,6,7,7,2,2,61.4,2
13.1,1,4,9,5.0,2,15,6.0,6,6,10,1,0,2,68.1,2
10.5,5,6,8,6.1,4,11,7.8,3,10,9,8,2,0,75.4,3
3.8,10,9,3,7.4,3,13,9.8,1,5,4,9,2,2,100.0,3
8.9,12,8,9,6.2,2,17,4.7,3,8,9,5,2,2,94.8,3
9.3,14,8,6,5.4,7,17,4.3,6,5,4,6,0,0,100.0,3
7.1,4,7,7,5.7,5,15,6.0,3,7,3,8,1,2,88.1,3
10.8,13,9,4,4.7,1,19,7.5,9,6,3,4,0,0,100.0,3
13.2,9,2,4,9.5,2,15,13.4,7,7,10,2,0,0,95.3,3
13.1,4,3,2,6.7,5,12,10.9,5,9,2,10,0,2,100.0,3
7.4,9,10,5,3.1,4,8,6.6,2,3,10,8,1,2,97.4,3
3.4,12,8,8,3.1,6,8,1.7,9,10,3,2,0,1,100.0,3
13.8,4,6,7,9.8,6,12,3.2,5,7,8,5,2,1,68.1,2
12.1,9,10,7,4.6,6,3,6.9,7,10,8,6,1,0,100.0,3
3.5,11,9,6,8.6,1,8,11.6,9,3,2,5,0,0,100.0,3
13.1,4,10,3,3.4,5,14,5.9,4,2,2,6,0,1,100.0,3
12.4,2,4,5,9.4,2,13,8.0,9,7,2,6,1,0,100.0,3
8.2,6,8,1,9.1,3,18,12.6,1,4,10,3,0,1,60.7,2
9.1,5,10,7,7.0,1,11,12.9,6,1,7,3,1,2,94.4,3
6.8,3,3,9,3.1,1,5,3.8,2,6,6,9,2,2,70.7,2
2.7,1,3,1,4.8,6,2,1.6,8,6,1,3,0,2,93.2,3
6.0,11,8,2,5.8,3,19,5.0,5,6,2,3,0,0,100.0,3
11.6,8,5,3,6.2,6,15,10.0,3,2,1,2,2,2,95.2,3
2.1,0,3,3,5.1,1,19,13.4,2,1,7,7,0,0,44.5,1
6.0,12,10,8,3.2,2,16,2.0,8,3,6,10,0,2,100.0,3
6.8,12,1,7,7.1,6,15,1.4,7,2,2,10,1,0,64.9,2
8.4,10,3,6,6.7,6,5,12.5,9,6,2,4,0,0,100.0,3
13.0,14,9,10,5.0,7,7,10.7,8,6,2,1,2,1,100.0,3
6.2,13,5,10,3.3,6,18,13.9,4,5,8,6,0,1,90.3,3
6.2,3,10,4,10.0,1,1,6.2,2,10,7,5,1,1,92.3,3
10.9,0,2,9,6.4,2,13,6.4,2,10,1,2,2,0,47.0,1
7.4,12,7,1,8.3,3,11,3.2,2,5,4,6,2,1,86.6,3
4.7,5,2,2,6.2,0,16,2.5,6,9,4,1,2,1,66.7,2
7.4,3,4,4,3.3,3,14,8.5,7,5,7,3,2,1,71.8,2
3.7,4,7,3,5.2,2,17,5.7,6,10,2,4,1,0,100.0,3
4.1,4,4,1,5.2,4,15,2.0,2,6,4,3,1,0,60.3,2
8.0,8,7,5,8.9,6,12,12.5,4,4,1,6,1,1,97.3,3
7.0,0,7,7,7.6,3,16,3.6,3,10,4,4,1,1,58.0,2
13.0,12,1,2,4.9,4,7,10.7,4,1,1,1,0,0,94.1,3
6.3,1,6,5,9.8,4,0,4.7,5,4,2,5,1,0,68.3,2
9.0,12,9,6,5.3,2,2,11.6,7,2,2,5,0,1,100.0,3
9.6,5,2,7,10.0,2,15,2.5,9,10,10,9,2,1,79.3,3
2.2,4,3,1,10.0,7,1,10.8,2,3,3,8,0,1,72.9,2
10.0,10,10,7,4.3,6,14,2.3,8,7,8,8,0,0,100.0,3
4.1,6,5,4,5.2,0,0,6.8,3,7,6,5,0,1,89.7,3
13.5,2,9,8,6.4,5,8,10.5,9,1,6,8,1,0,100.0,3
3.8,2,4,4,7.6,1,15,3.3,10,8,9,10,1,2,100.0,3
7.0,9,1,6,6.7,3,3,4.7,4,7,8,7,2,1,61.6,2
3.0,1,4,9,9.8,2,11,12.2,3,1,2,1,1,2,41.7,1
14.0,12,6,5,8.1,3,0,12.5,10,8,6,7,0,0,100.0,3
8.0,2,5,4,4.5,5,0,1.6,6,2,1,8,1,2,94.2,3
9.1,9,1,8,3.7,5,6,3.2,10,8,9,3,1,1,68.6,2
2.8,0,4,9,7.8,6,17,2.5,9,3,4,9,0,2,63.9,2
11.0,4,6,4,4.1,4,14,3.3,7,10,4,8,2,2,100.0,3
4.5,13,10,3,8.5,6,12,13.6,4,7,9,2,1,2,100.0,3
12.8,14,10,8,5.2,1,15,8.2,3,6,3,6,2,0,100.0,3
4.5,11,4,5,5.3,0,6,7.1,10,5,5,4,0,1,100.0,3
4.3,4,9,2,3.1,3,15,13.8,4,10,1,3,1,0,100.0,3
2.4,11,5,10,7.9,1,12,8.2,3,2,6,6,2,2,70.9,2
7.7,10,8,9,3.8,7,13,9.6,3,2,3,10,2,2,100.0,3
8.8,6,9,3,8.4,0,16,5.3,9,1,1,9,0,0,100.0,3
2.8,3,10,2,6.4,3,11,6.0,4,9,10,2,1,0,79.1,3
11.3,2,5,1,8.5,1,19,8.7,9,8,6,10,2,2,100.0,3
7.4,0,6,8,7.1,2,12,1.9,10,8,10,10,2,1,72.0,2
8.3,11,1,3,3.6,3,19,4.3,5,1,2,10,2,0,73.6,2
7.3,14,7,7,8.4,1,14,3.6,7,5,8,5,2,2,94.4,3
6.8,7,4,1,3.5,5,3,1.2,5,6,2,6,2,2,100.0,3
8.7,12,2,1,6.4,0,1,8.0,1,2,4,4,2,1,75.5,3
3.9,2,5,9,4.2,1,17,8.3,2,10,3,7,2,2,81.8,3
4.2,12,3,8,8.3,2,1,6.0,5,5,9,2,2,0,60.5,2
12.3,14,6,3,9.4,6,14,4.5,6,6,2,7,2,2,100.0,3
13.4,1,8,6,6.9,3,18,9.5,7,9,3,2,2,2,100.0,3
6.5,10,7,3,6.7,7,14,2.8,2,10,7,1,1,2,73.0,2
5.2,3,3,4,8.3,3,19,7.7,10,1,4,5,0,2,76.9,3
9.7,2,8,1,3.0,3,9,11.0,9,10,6,2,0,1,100.0,3
6.9,12,2,5,9.4,2,19,3.1,6,3,3,8,0,0,78.7,3
2.3,0,10,1,4.4,0,10,10.8,2,9,1,8,2,2,100.0,3
3.9,2,9,1,9.9,3,9,10.9,2,1,6,1,0,0,56.4,2
10.6,11,4,10,8.2,0,4,1.8,3,1,4,4,2,1,56.0,2
9.9,1,1,7,8.4,1,8,1.2,1,1,2,9,1,0,15.6,0
2.3,7,8,6,7.6,5,19,13.7,9,7,7,5,0,1,100.0,3
4.7,5,7,2,6.3,7,18,3.5,10,5,10,10,1,0,96.3,3
4.8,8,5,2,7.0,5,12,11.7,4,6,5,6,1,0,79.9,3
10.1,7,10,7,3.3,0,17,8.3,5,8,6,3,2,2,100.0,3
2.2,9,5,1,7.4,0,16,4.4,7,2,6,5,0,0,88.3,3
3.2,2,7,2,7.4,5,5,2.7,1,2,9,1,1,2,24.4,0
11.6,4,5,8,9.2,3,9,7.5,3,3,2,8,0,2,84.2,3
4.1,6,8,6,6.5,4,1,6.3,3,3,6,6,1,0,78.4,3
9.8,4,6,2,3.5,4,5,10.1,2,3,9,2,1,2,70.8,2
4.9,7,5,7,5.1,2,12,12.8,8,4,4,4,2,0,87.6,3
3.2,11,9,4,7.6,7,17,11.5,5,3,6,4,0,2,100.0,3
4.9,4,2,2,4.7,6,6,4.6,1,2,7,9,2,2,39.9,1
10.7,0,1,6,5.0,5,1,12.4,2,9,1,9,2,1,77.1,3
12.3,4,8,9,8.7,5,13,11.8,1,6,5,5,2,1,77.5,3
12.0,3,3,9,7.1,2,4,13.1,6,3,4,3,2,0,74.7,2
6.8,5,7,8,6.6,7,17,7.0,9,9,10,1,2,2,82.8,3
10.0,2,10,3,5.2,4,10,11.0,7,4,2,6,1,1,100.0,3
4.5,14,8,3,8.1,1,9,8.7,5,4,2,8,0,1,100.0,3
5.5,10,6,2,5.0,3,10,5.0,3,8,2,1,0,1,91.3,3
12.8,4,10,5,8.2,3,1,13.9,8,7,7,1,2,2,100.0,3
2.2,1,9,4,3.5,1,14,1.5,10,7,4,7,0,0,100.0,3
3.0,10,7,7,9.1,1,6,3.1,4,10,6,7,1,2,100.0,3
4.5,5,10,4,6.5,7,8,12.6,9,7,7,2,2,2,100.0,3
2.3,12,5,9,6.1,4,4,1.8,5,10,9,3,1,1,92.1,3
4.2,14,8,2,7.3,2,6,12.5,6,5,2,2,1,2,100.0,3
9.0,11,2,6,7.4,1,19,10.3,5,7,10,6,2,2,78.2,3
7.1,5,7,7,3.9,2,1,1.5,10,4,9,8,1,1,98.3,3
12.7,4,4,4,8.3,7,2,6.6,7,8,5,8,2,1,100.0,3
11.8,5,9,6,4.9,6,1,10.8,7,9,6,1,1,2,100.0,3
6.1,10,1,7,9.3,0,18,8.6,1,3,6,9,0,1,49.5,1
5.1,6,7,4,8.7,3,3,13.2,2,7,3,8,0,0,100.0,3
6.6,11,6,8,5.4,4,19,12.3,7,10,10,9,0,0,100.0,3
9.1,4,8,9,8.7,3,6,5.3,8,9,7,9,2,0,100.0,3
5.2,0,5,1,5.5,4,6,2.1,4,1,7,6,1,0,48.9,1
9.5,7,1,7,3.7,7,16,13.3,6,2,8,3,1,0,50.2,1
6.9,3,1,9,9.7,0,18,7.7,10,7,5,1,0,1,65.7,2
8.6,8,9,10,7.6,3,15,2.0,3,2,2,8,0,1,79.7,3
7.2,13,10,5,6.2,0,2,11.6,7,7,3,10,2,0,100.0,3
5.5,9,6,2,5.8,7,14,12.3,3,1,9,3,2,0,72.4,2
13.4,11,10,10,5.3,4,13,9.3,7,3,6,7,1,0,100.0,3
11.2,5,5,6,9.9,1,14,6.8,8,5,8,10,2,1,90.8,3
3.7,0,1,7,3.9,6,13,9.6,3,6,8,6,2,1,26.2,0
12.4,2,6,2,5.2,3,6,10.2,2,9,5,3,2,2,100.0,3
7.8,2,6,2,6.4,0,2,12.6,6,9,1,6,0,2,100.0,3
12.7,9,3,10,6.3,5,16,13.4,4,3,6,3,0,2,73.7,2
11.6,11,8,10,6.3,3,9,7.7,8,8,7,9,1,2,100.0,3
7.1,11,1,1,4.2,3,14,11.4,2,4,9,1,2,1,51.5,1
2.3,3,1,4,4.0,3,5,13.5,4,7,2,8,0,1,90.5,3
5.2,5,6,7,4.8,2,16,3.0,2,6,2,5,2,1,69.3,2
8.5,14,10,9,9.4,0,16,1.2,2,8,10,4,1,1,87.2,3
9.6,6,1,3,3.8,0,13,12.3,2,6,1,1,2,0,69.5,2
5.1,9,6,7,8.3,3,17,3.5,1,4,5,9,1,2,62.4,2
3.7,3,1,7,8.3,7,4,1.6,4,2,2,9,1,1,40.2,1
12.0,5,6,7,8.7,7,7,3.1,2,7,3,5,0,1,78.7,3
13.8,10,3,2,9.2,1,6,6.0,9,4,2,9,2,2,100.0,3
8.3,0,8,6,4.8,3,3,3.9,9,9,4,10,0,1,100.0,3
4.1,13,6,2,4.6,2,17,5.0,7,9,3,9,2,0,100.0,3
5.3,7,1,6,6.3,4,4,13.7,6,7,9,7,2,1,73.1,2
2.2,6,5,10,4.9,2,15,10.2,3,5,10,8,1,2,73.4,2
13.0,14,8,3,8.1,7,13,10.3,7,3,2,1,1,0,100.0,3
3.4,10,3,2,7.5,1,18,2.2,1,3,7,4,2,0,38.9,1
8.9,10,6,6,9.1,7,13,10.5,9,9,3,10,0,2,100.0,3
5.3,8,5,2,3.6,7,8,10.6,4,9,10,10,1,2,100.0,3
8.7,2,6,5,9.4,7,5,9.6,6,4,8,4,1,0,58.4,2
9.8,1,10,2,5.1,3,16,4.0,6,1,4,9,2,1,98.3,3
12.0,0,1,3,6.4,7,18,6.5,3,10,4,3,2,2,57.7,2
4.5,2,7,3,6.1,0,11,12.0,4,5,9,10,1,0,85.9,3
2.1,4,9,6,8.3,6,3,9.7,10,8,3,10,0,2,100.0,3
3.6,13,2,6,5.9,5,15,10.5,3,10,7,1,1,1,67.9,2
12.8,10,10,10,9.6,3,10,8.6,6,4,1,5,2,1,100.0,3
12.5,1,5,3,9.3,1,3,6.8,1,10,7,7,1,0,85.8,3
9.2,11,10,3,9.1,0,16,10.9,8,10,10,4,2,1,100.0,3
9.2,2,4,1,3.5,2,7,1.9,8,4,2,9,1,1,100.0,3
10.0,14,6,7,9.0,7,13,9.8,9,9,6,6,2,1,100.0,3
4.1,14,6,8,8.5,4,1,14.0,6,9,9,6,2,2,100.0,3
13.0,14,2,2,3.7,4,10,11.1,1,7,6,3,0,0,89.7,3
7.0,3,2,4,3.8,6,10,4.8,3,10,3,10,2,0,72.6,2
6.6,6,4,10,3.7,3,5,4.6,1,8,1,10,1,0,79.2,3
8.2,12,1,7,3.1,2,13,9.7,5,4,4,5,2,1,79.7,3
2.6,2,9,8,6.8,6,9,12.6,3,8,4,10,1,2,96.4,3
4.0,14,7,1,9.8,5,7,8.5,2,6,8,6,0,0,91.6,3
10.9,8,7,4,6.1,5,6,7.9,3,3,10,4,1,2,71.4,2
3.0,7,3,6,6.8,6,7,3.1,9,7,10,3,0,0,60.8,2
9.2,3,3,3,9.8,1,7,10.3,8,3,7,5,0,1,81.4,3
4.9,12,1,5,4.8,4,1,10.1,3,7,10,7,2,0,73.4,2
6.7,0,3,10,9.0,2,15,13.6,2,5,7,6,0,0,45.2,1
5.5,0,3,9,6.8,3,8,4.9,5,4,7,2,1,1,16.1,0
6.3,0,4,3,7.0,7,12,10.8,1,3,2,1,0,1,23.0,0
10.6,0,4,5,5.4,0,11,6.6,4,8,9,5,0,0,69.0,2
5.6,7,3,8,6.9,3,16,8.3,8,4,6,5,2,2,72.0,2
8.8,2,10,6,3.5,3,1,11.6,1,8,2,6,1,1,100.0,3
7.7,14,8,4,8.4,2,12,3.9,5,10,1,3,0,0,100.0,3
10.0,5,8,8,5.0,4,0,5.5,4,3,1,1,2,1,83.6,3
13.2,2,1,3,9.2,2,18,11.1,6,10,1,4,2,2,100.0,3
10.8,10,7,3,5.6,0,10,8.4,7,9,4,4,1,0,100.0,3
4.6,4,2,4,4.0,6,4,2.2,9,6,4,10,2,0,91.3,3
2.4,12,1,9,7.9,2,0,6.6,1,5,9,2,0,2,46.0,1
5.1,14,3,5,4.2,1,19,8.6,10,5,1,8,2,2,100.0,3
9.1,13,4,8,8.3,3,12,12.8,4,3,3,6,1,0,75.6,3
2.6,12,6,6,9.8,4,7,3.5,6,2,3,3,1,2,84.0,3
8.0,14,10,3,8.5,7,5,11.5,10,6,8,1,2,2,100.0,3
9.2,6,5,8,3.2,5,16,2.7,7,1,2,3,0,0,74.3,2
6.0,1,4,9,7.2,0,11,4.1,7,7,6,8,2,1,68.1,2
11.3,5,8,8,7.9,5,0,4.2,8,5,4,4,1,2,100.0,3
3.3,12,4,4,8.8,3,2,12.4,10,4,10,3,2,1,97.7,3
2.9,5,10,6,3.4,2,13,3.6,8,9,6,4,2,1,100.0,3
10.7,10,2,1,6.4,5,7,11.2,8,10,5,4,0,1,100.0,3
7.9,2,3,4,6.7,1,10,7.0,8,1,9,2,2,2,44.5,1
10.3,5,6,8,4.2,2,13,14.0,8,4,9,4,0,0,100.0,3
7.2,9,8,1,5.3,3,7,11.9,6,3,1,9,2,0,100.0,3
5.0,9,8,3,6.1,5,2,10.6,9,6,3,4,2,0,100.0,3
11.8,13,9,1,8.8,7,6,12.3,3,5,1,1,0,0,100.0,3
11.6,4,7,9,9.5,6,18,9.2,6,7,6,1,0,0,77.5,3
10.3,11,2,2,7.4,0,3,12.0,5,1,3,1,1,0,82.6,3
5.3,1,8,9,5.8,5,15,4.4,8,5,1,5,0,1,82.7,3
9.1,8,7,4,4.8,7,12,2.3,4,2,6,6,2,1,73.6,2
6.3,7,8,2,9.9,6,19,9.0,4,2,5,6,1,1,78.1,3
3.1,2,3,4,9.9,6,18,6.7,10,2,8,6,0,2,72.6,2
13.0,7,7,10,9.5,5,4,6.5,10,9,2,9,0,2,100.0,3
3.6,13,10,6,8.5,4,4,7.8,5,10,8,1,1,2,100.0,3
13.4,8,9,7,5.3,5,19,5.7,6,3,5,10,2,0,100.0,3
7.4,13,3,3,8.7,3,3,9.1,4,4,8,6,2,1,86.4,3
4.2,14,10,3,5.9,6,1,1.4,2,5,10,8,1,2,100.0,3
8.5,2,6,10,5.3,0,12,13.6,2,4,4,8,2,1,78.4,3
12.5,2,2,8,8.2,3,15,13.0,3,4,4,3,0,0,55.2,2
10.8,1,2,5,3.6,1,1,13.2,2,5,10,5,2,1,69.1,2
11.7,7,5,4,3.3,2,18,5.7,1,10,4,10,0,0,100.0,3
9.9,9,5,7,6.1,5,16,7.9,8,9,6,4,2,2,100.0,3
10.3,0,7,7,6.1,4,4,13.4,5,9,4,1,0,0,94.1,3
12.2,7,2,9,9.3,0,17,12.7,10,6,9,9,1,0,100.0,3
5.0,6,7,9,3.9,4,17,11.3,1,3,9,5,0,1,59.2,2
7.9,13,5,5,3.9,4,7,6.3,9,6,3,2,2,0,100.0,3
4.7,6,6,8,4.0,4,14,8.3,8,10,7,2,0,2,100.0,3
13.9,2,8,10,3.2,5,12,11.3,4,4,5,7,2,2,100.0,3
13.3,0,10,1,3.5,0,12,4.5,8,3,9,4,2,0,100.0,3
2.5,3,4,9,7.6,0,15,9.1,10,6,2,1,0,1,87.6,3
10.5,8,7,8,6.0,6,19,11.8,7,6,3,5,2,2,100.0,3
13.1,4,6,6,8.3,4,12,10.2,7,2,10,2,1,2,74.3,2
4.2,0,10,3,9.9,6,19,7.2,1,9,5,7,2,0,70.9,2
8.8,14,2,3,7.6,6,1,8.6,6,8,5,9,1,0,100.0,3
13.0,4,8,8,3.4,2,2,13.9,4,6,10,1,1,2,99.1,3
2.4,12,10,5,3.7,5,14,8.8,10,1,7,2,2,0,100.0,3
10.4,7,9,10,9.2,5,18,11.2,10,2,8,6,1,0,99.0,3
5.6,7,5,7,6.7,3,12,10.4,10,4,8,8,1,2,100.0,3
13.1,4,10,5,8.8,7,4,10.1,2,7,1,7,0,1,100.0,3
13.7,11,4,8,9.0,6,5,10.3,10,9,1,9,1,1,100.0,3
13.3,8,6,10,9.5,5,13,6.9,7,10,3,2,1,2,100.0,3
7.7,14,8,10,9.6,4,3,7.2,9,5,1,9,1,0,100.0,3
12.3,0,3,4,6.9,7,18,7.1,5,10,1,4,1,2,90.5,3
12.1,3,10,2,5.4,1,6,1.4,8,2,10,3,1,2,100.0,3
5.8,2,1,3,9.7,4,3,4.1,5,1,8,7,2,0,28.1,0
11.9,1,4,8,6.8,0,1,3.0,7,10,1,5,1,1,94.7,3
2.4,14,4,7,3.4,5,6,12.5,7,1,9,5,2,1,90.6,3
9.2,7,1,2,7.5,7,2,4.6,9,5,2,2,2,0,77.8,3
4.8,6,9,6,7.1,5,14,2.8,3,7,9,6,2,2,70.4,2
3.4,8,3,9,9.3,3,0,2.6,1,9,7,6,0,0,54.8,1
2.9,1,5,4,7.6,6,1,10.1,2,9,9,4,0,2,61.5,2
10.4,13,6,9,5.4,1,9,1.1,6,8,3,5,2,0,100.0,3
6.1,13,8,2,9.8,5,15,7.1,10,1,1,7,0,0,100.0,3
10.7,3,6,2,8.6,3,14,2.5,10,5,1,8,1,1,100.0,3
2.8,13,3,9,7.4,3,14,12.0,9,6,10,6,2,1,88.7,3
5.8,14,6,7,5.1,1,13,13.5,3,6,6,5,2,0,98.0,3
8.5,5,1,7,5.6,4,13,13.5,10,4,7,3,2,0,76.9,3
11.5,10,4,1,7.7,4,5,6.7,2,1,9,7,0,1,73.4,2
5.8,2,6,6,3.5,4,13,9.4,1,3,6,8,0,2,73.8,2
9.5,7,7,7,4.8,2,16,8.8,2,10,5,3,0,1,100.0,3
12.6,2,10,6,8.0,6,17,5.6,3,4,2,5,1,2,93.9,3
9.4,13,3,6,6.4,7,19,6.8,7,4,2,2,0,1,85.1,3
4.8,11,9,2,5.8,6,18,1.8,2,4,8,10,2,1,90.1,3
2.3,12,7,6,4.1,4,16,11.3,5,5,1,10,0,2,100.0,3
12.4,12,1,4,6.1,1,15,4.1,2,9,8,4,0,0,70.5,2
2.3,1,2,9,8.4,2,7,7.0,7,4,10,4,0,1,38.5,1
12.5,12,1,1,4.8,6,6,7.2,10,9,7,8,0,1,100.0,3
8.3,12,9,8,3.0,4,19,8.3,8,9,7,3,2,1,100.0,3
13.3,2,9,5,7.7,2,11,11.6,8,1,5,5,0,0,100.0,3
11.6,10,7,1,9.8,7,8,10.0,8,5,3,5,2,1,100.0,3
14.0,5,10,4,7.2,1,13,9.6,10,9,7,2,0,0,100.0,3
6.2,1,3,1,3.8,4,19,7.8,9,4,7,9,1,1,84.2,3
11.2,7,5,6,5.2,7,0,2.2,1,5,7,4,1,2,63.9,2
6.8,0,4,2,9.1,0,9,6.2,1,4,2,9,2,1,59.2,2
7.8,6,7,5,4.6,7,16,13.4,10,2,3,9,2,1,100.0,3
9.5,1,9,7,7.3,5,16,13.9,2,10,3,2,1,0,83.9,3
12.5,9,2,2,5.8,1,16,10.5,6,2,4,9,1,0,100.0,3
13.8,11,8,6,4.5,7,3,4.0,1,2,9,9,0,0,94.4,3
11.2,5,9,6,8.7,7,16,2.3,5,1,10,2,1,2,55.3,2
7.0,11,10,5,8.2,3,17,6.4,5,3,1,6,2,2,100.0,3
7.1,1,10,5,7.6,3,19,12.1,4,10,7,9,2,0,100.0,3
10.9,1,9,3,4.7,7,1,10.4,5,1,7,4,1,2,100.0,3
4.9,9,10,10,3.7,7,7,12.5,1,4,4,2,2,0,100.0,3
3.3,12,7,10,7.0,1,12,9.0,6,1,1,7,0,2,100.0,3
6.3,7,9,2,6.9,3,19,2.7,7,4,3,9,0,0,100.0,3
5.4,14,9,7,4.3,6,14,2.5,8,3,5,6,1,0,100.0,3
5.6,14,3,1,3.4,1,19,1.6,2,9,2,4,2,2,100.0,3
4.8,11,4,6,3.6,0,8,8.4,7,1,7,1,1,1,73.5,2
2.5,1,2,6,9.9,1,2,4.2,6,8,10,4,2,0,44.8,1
2.2,6,10,3,8.5,4,2,10.5,9,9,10,3,2,0,100.0,3
13.9,2,3,2,9.5,4,1,9.9,8,7,7,7,2,1,100.0,3
7.1,7,5,2,4.4,2,0,5.1,4,1,10,10,0,0,80.1,3
6.6,6,5,9,9.7,3,13,3.3,9,4,5,5,2,0,66.6,2
10.2,13,6,5,4.0,7,16,2.3,1,10,10,3,0,2,92.7,3
4.6,7,7,7,6.6,5,12,10.6,6,1,6,2,2,1,61.7,2
13.4,13,7,5,8.8,3,18,6.9,8,4,1,2,1,0,100.0,3
11.4,6,1,7,5.4,6,14,5.2,4,3,4,5,0,0,50.8,1
3.1,10,2,4,6.0,1,13,12.1,2,2,4,8,0,1,69.9,2
7.0,5,9,8,3.9,5,1,8.7,2,1,8,8,0,1,82.5,3
12.5,12,10,10,3.9,5,6,7.7,10,6,2,5,1,2,100.0,3
13.3,6,2,10,7.3,7,16,10.7,1,7,1,2,0,2,77.3,3
7.6,4,6,7,7.7,7,17,11.6,5,6,7,4,1,2,63.1,2
9.4,6,1,10,8.4,3,5,9.9,6,9,6,7,2,0,75.6,3
4.0,0,3,5,6.9,5,7,6.7,4,9,5,6,2,1,53.1,1
13.9,0,2,6,7.5,5,1,5.9,4,2,8,10,1,2,53.8,1
4.8,8,3,5,3.1,4,0,11.0,5,2,2,7,0,1,100.0,3
13.3,13,5,7,4.1,0,15,7.7,5,9,2,5,0,0,100.0,3
9.8,4,10,2,9.9,7,6,10.2,9,1,9,2,1,0,92.3,3
9.3,12,6,5,3.5,1,10,12.6,8,5,1,8,2,1,100.0,3
8.2,4,9,10,7.8,3,14,12.9,9,1,6,2,1,1,80.1,3
4.8,2,10,3,4.2,7,12,4.6,3,7,3,8,0,2,100.0,3
4.1,4,4,9,8.0,4,1,3.4,3,9,5,7,0,1,66.6,2
4.6,2,7,6,7.9,6,13,4.4,1,6,8,3,0,2,40.3,1
4.2,8,6,10,4.6,7,5,10.8,10,2,7,4,0,1,94.9,3
11.4,8,2,3,4.9,6,8,5.8,6,6,4,7,2,1,89.6,3
6.2,5,10,7,7.6,2,6,3.3,4,9,8,4,2,1,75.3,3
2.7,14,8,4,5.7,5,17,2.3,8,3,10,9,2,0,98.5,3
13.6,0,7,3,4.4,5,8,5.3,2,9,2,7,0,0,100.0,3
12.6,6,7,8,8.1,3,3,2.8,2,8,7,1,0,0,76.2,3
13.1,6,8,4,4.1,0,8,3.0,7,7,5,1,0,2,100.0,3
13.9,13,1,1,9.0,0,3,9.9,5,8,6,4,1,2,100.0,3
4.1,9,1,6,6.6,3,11,1.3,1,10,3,9,0,0,66.1,2
6.8,9,8,10,3.7,3,3,2.5,7,6,10,4,2,0,92.9,3
11.1,3,4,1,7.9,4,19,12.0,7,3,7,5,2,1,77.6,3
10.4,7,5,5,6.6,6,13,12.0,10,7,7,1,2,1,90.7,3
3.8,5,8,7,5.1,3,6,5.3,6,4,2,2,1,2,94.9,3
11.8,3,5,6,6.0,6,12,2.1,4,10,1,4,2,2,87.3,3
4.7,3,10,2,5.1,7,7,10.2,8,5,10,4,1,1,93.0,3
4.7,1,4,4,4.8,7,4,5.7,2,8,2,10,1,2,78.8,3
8.4,13,6,2,4.1,2,11,1.6,2,7,8,6,1,0,91.6,3
9.1,1,5,1,5.5,6,12,3.1,2,7,10,6,0,1,37.9,1
9.0,11,7,3,4.8,4,19,2.8,3,8,3,8,0,1,100.0,3
3.1,13,10,3,7.8,7,13,8.7,6,10,4,9,2,2,100.0,3
12.5,3,7,7,7.8,5,17,12.7,1,3,8,1,2,1,47.4,1
5.2,4,4,1,6.5,5,19,11.3,2,3,3,1,1,1,53.1,1
3.6,7,5,9,8.4,7,3,8.1,10,2,6,6,0,0,83.7,3
12.7,14,3,6,8.9,7,17,6.5,2,1,2,4,2,1,71.6,2
13.5,5,4,4,7.1,7,6,9.0,1,10,3,4,2,1,76.5,3
12.3,13,4,3,7.3,6,14,6.8,3,6,1,1,0,1,96.2,3
11.7,14,3,3,5.0,5,5,4.2,10,6,9,9,1,1,100.0,3
9.9,3,10,2,9.3,5,15,9.8,7,10,4,3,2,0,100.0,3
8.6,12,5,2,3.2,1,19,12.4,1,8,6,5,2,1,100.0,3
3.0,10,5,10,5.4,7,7,5.8,7,6,7,10,0,0,87.7,3
6.9,6,7,5,8.1,2,15,11.9,5,6,2,1,0,0,96.9,3
6.5,7,4,9,3.6,7,15,6.6,9,1,8,8,1,0,79.7,3
5.1,1,4,2,4.3,4,2,6.2,2,7,9,3,1,2,58.5,2
10.7,11,9,2,7.1,4,16,1.4,1,7,10,1,2,2,80.2,3
8.0,6,6,6,6.9,5,8,10.0,9,10,2,10,1,1,100.0,3
3.0,14,4,10,8.2,7,2,11.5,8,9,5,6,2,0,100.0,3
4.6,13,2,2,8.7,0,19,9.6,10,7,2,1,2,2,100.0,3
10.2,1,6,4,3.9,4,6,3.0,6,8,5,3,0,1,93.6,3
2.9,1,2,6,3.1,7,17,2.3,5,4,7,5,2,2,44.0,1
12.2,7,5,5,7.8,2,11,8.4,8,9,6,4,0,0,100.0,3
7.9,1,6,1,5.1,3,18,6.2,8,1,4,7,2,1,79.7,3
7.8,14,4,6,7.4,7,15,6.6,5,8,2,6,2,0,91.6,3
9.1,10,3,1,4.1,2,16,13.6,7,3,7,3,2,0,100.0,3
11.9,8,7,3,6.3,5,19,10.4,1,1,10,8,1,2,83.5,3
6.2,11,2,10,6.5,5,14,6.4,4,2,9,8,1,1,40.4,1
10.1,0,6,5,7.1,1,0,1.2,2,6,1,2,0,1,71.4,2
8.8,14,4,10,6.6,6,1,1.4,10,5,3,7,2,1,100.0,3
5.2,8,6,5,6.5,4,7,9.9,3,3,7,1,0,2,60.7,2
12.5,14,4,10,5.3,6,1,11.9,1,9,9,2,0,1,91.6,3
11.6,0,4,6,3.5,7,18,10.2,2,8,5,8,2,2,86.3,3
9.9,9,4,10,3.6,6,8,6.3,1,3,7,1,1,1,36.6,1
12.2,12,9,8,6.0,4,8,1.4,8,2,10,2,1,2,95.3,3
12.4,9,7,5,5.5,4,12,13.6,4,8,7,1,0,1,100.0,3
10.5,1,3,1,6.6,7,5,13.8,3,5,4,5,1,2,83.7,3
12.0,5,3,5,5.1,5,14,8.1,1,9,5,7,2,0,77.8,3
10.4,5,6,3,7.8,4,18,1.9,2,1,2,6,2,0,57.1,2
10.2,0,6,4,9.0,0,14,8.0,3,10,8,6,1,0,80.8,3
9.4,6,4,8,5.1,0,17,12.6,3,3,1,6,1,1,88.0,3
11.0,7,9,7,4.4,3,6,9.8,6,5,2,8,0,2,100.0,3
3.9,1,4,5,3.8,4,10,10.4,10,2,3,5,1,0,84.9,3
12.6,7,9,2,7.3,1,7,2.1,8,3,7,10,0,1,100.0,3
12.5,8,4,6,6.1,3,5,2.4,6,4,6,7,2,2,86.7,3
2.4,5,2,6,4.3,5,7,2.7,2,4,7,3,2,0,16.0,0
11.9,4,2,10,7.6,4,1,12.8,2,9,5,9,2,0,82.3,3
3.5,11,5,10,4.0,0,18,7.8,7,1,4,10,1,1,100.0,3
6.0,8,4,6,6.9,1,15,11.3,1,9,7,3,1,2,68.7,2
10.9,12,7,9,6.7,7,6,2.5,1,9,3,6,1,1,87.6,3
3.9,11,5,8,8.1,3,9,13.1,7,6,10,3,0,0,76.6,3
11.8,10,6,8,3.4,1,11,11.7,9,1,7,1,0,1,100.0,3
12.0,8,10,1,9.2,4,16,3.9,5,6,2,1,0,1,100.0,3
8.1,0,4,5,7.9,2,6,12.4,1,8,8,3,2,0,39.8,1
2.1,10,2,7,4.5,1,7,4.4,5,5,6,4,0,0,74.9,2
5.4,2,10,6,4.3,1,6,3.7,1,5,3,2,1,2,72.9,2
9.4,8,9,5,6.0,5,3,4.4,10,1,3,9,1,2,100.0,3
13.8,10,10,8,8.7,0,2,12.8,9,1,5,8,2,0,100.0,3
9.6,1,7,3,8.9,7,18,12.9,4,8,3,3,1,0,82.5,3
5.1,11,4,6,6.6,4,14,5.3,9,5,6,7,1,2,99.0,3
9.6,3,3,5,9.0,1,3,10.2,2,8,2,4,1,1,77.5,3
8.5,3,10,8,3.0,4,8,9.8,7,10,8,5,0,0,100.0,3
11.4,1,3,4,3.2,0,12,11.5,2,2,9,4,0,0,58.7,2
3.3,14,9,8,9.4,5,17,4.9,4,4,7,9,1,1,84.7,3
11.1,2,5,10,8.4,4,15,7.6,6,10,3,7,1,2,92.7,3
8.5,12,3,2,6.2,6,0,9.7,2,9,10,4,1,2,88.8,3
13.6,2,5,9,8.3,0,3,1.3,2,3,4,8,1,1,56.9,2
6.1,0,2,9,9.7,0,17,5.9,2,6,10,2,0,0,0.0,0
9.6,5,4,10,8.4,7,7,10.0,3,7,2,7,2,1,67.4,2
13.2,7,10,10,8.9,3,19,4.3,5,3,9,1,1,0,73.1,2
3.2,11,2,6,8.3,5,15,13.5,9,1,5,8,0,2,98.3,3
13.2,2,2,4,4.2,5,10,1.4,6,2,2,6,1,0,61.0,2
10.3,4,8,4,8.8,7,19,13.5,9,10,10,5,2,0,100.0,3
2.8,0,1,6,4.4,6,18,3.8,10,7,6,9,0,0,72.1,2
5.6,9,7,5,9.2,4,18,1.6,5,7,7,9,0,0,97.4,3
10.5,6,5,6,6.2,2,17,4.8,6,1,2,3,2,0,66.3,2
2.8,9,8,7,7.7,6,18,11.2,10,10,1,9,2,2,100.0,3
9.0,12,1,7,6.5,3,10,10.8,8,7,7,9,0,1,100.0,3
6.2,0,7,9,3.7,5,2,3.7,3,10,1,2,2,2,87.9,3
9.5,11,5,8,5.0,0,7,3.6,2,6,3,5,1,0,87.0,3
2.5,10,4,6,9.9,5,19,9.4,3,6,4,2,2,1,55.7,2
12.5,8,7,6,9.7,6,18,7.0,9,7,2,1,2,0,100.0,3
13.7,7,10,5,5.2,2,9,11.3,6,7,7,7,0,2,100.0,3
13.6,6,2,1,10.0,1,15,1.3,10,1,5,4,2,2,94.4,3
11.0,9,1,9,8.9,1,4,8.9,4,10,1,5,0,0,89.2,3
3.6,14,1,9,7.3,7,19,10.5,10,5,8,4,1,0,66.5,2
11.1,6,1,9,3.3,5,8,13.9,3,8,10,6,2,1,76.5,3
2.3,4,5,8,9.3,5,7,9.8,2,8,7,2,2,1,51.8,1
2.3,4,10,10,6.9,3,10,4.0,4,3,4,8,0,0,81.7,3
5.9,10,7,3,9.1,5,15,2.4,9,3,2,4,0,1,100.0,3
7.9,12,2,1,8.8,2,6,9.3,4,7,7,8,2,0,92.5,3
11.2,4,10,8,8.8,5,14,7.8,5,4,2,3,0,0,98.4,3
10.2,0,8,7,7.9,4,19,12.7,8,6,6,5,2,0,100.0,3
7.4,7,4,5,5.0,6,16,10.4,2,9,1,3,1,2,84.3,3
5.3,11,3,10,5.4,7,5,7.6,3,10,7,7,2,0,70.1,2
14.0,10,10,7,5.2,2,14,6.2,6,2,7,3,1,0,100.0,3
7.1,0,8,10,3.1,3,7,6.3,7,2,4,8,1,0,85.4,3
7.4,3,2,4,7.1,4,6,3.9,4,6,4,9,0,1,56.2,2
4.0,14,3,9,7.9,4,1,1.2,1,3,10,2,0,0,29.7,0
11.5,8,3,10,9.0,6,12,8.5,7,1,5,3,0,2,75.5,3
10.3,13,10,2,4.0,1,5,3.8,9,2,2,7,0,2,100.0,3
4.6,8,1,9,6.8,2,4,3.7,1,7,9,5,2,0,32.1,1
3.0,4,6,9,3.1,6,19,2.6,1,4,10,10,1,0,48.6,1
10.2,3,2,5,3.7,4,0,3.5,1,2,4,7,2,0,59.5,2
9.9,2,1,1,3.4,3,17,1.4,10,8,9,2,1,2,92.9,3
5.3,2,2,7,8.1,6,14,9.8,7,4,3,4,1,1,49.9,1
13.4,11,6,10,3.6,1,9,6.2,9,4,9,1,1,1,100.0,3
3.8,4,4,10,8.0,4,2,8.3,3,2,1,5,2,0,51.1,1
7.2,9,6,4,4.7,6,4,9.3,8,1,7,8,0,1,100.0,3
13.3,0,9,9,9.1,2,12,13.6,9,1,4,1,2,2,100.0,3
7.0,4,10,6,8.7,1,7,1.9,3,3,7,7,1,0,67.3,2
9.7,5,10,3,9.7,2,1,6.4,3,6,10,7,2,1,100.0,3
6.8,6,8,6,9.2,2,8,4.2,1,7,6,7,1,0,72.6,2
5.3,11,1,10,9.5,2,16,7.2,2,9,4,1,0,0,40.9,1
13.8,8,8,6,9.0,6,17,13.0,7,5,4,3,0,2,100.0,3
6.9,2,9,5,7.9,1,12,10.4,3,9,8,2,2,2,91.9,3
12.7,14,6,2,4.2,6,0,9.6,7,8,7,5,0,1,100.0,3
4.8,1,10,10,4.9,6,11,6.7,5,1,4,2,1,2,67.2,2
4.6,13,5,10,4.5,6,19,9.7,10,3,6,5,1,0,99.8,3
2.4,2,6,2,7.2,4,19,1.4,8,8,6,5,0,2,94.7,3
9.8,11,6,7,6.5,5,4,8.6,5,9,1,4,0,1,100.0,3
6.4,8,9,2,9.1,0,7,8.2,3,4,2,7,0,1,100.0,3
12.4,11,4,6,9.7,4,14,5.5,9,6,4,10,2,1,100.0,3
7.7,6,2,5,5.8,1,2,3.6,7,4,6,6,2,2,88.6,3
13.6,8,9,4,6.5,0,5,11.5,5,9,6,2,1,2,100.0,3
4.2,12,2,7,9.8,0,12,1.7,7,2,1,4,2,2,81.3,3
12.4,1,10,8,4.9,0,11,1.9,10,6,8,7,2,2,100.0,3
11.3,4,9,4,8.5,5,18,6.7,9,3,2,9,1,2,100.0,3
11.3,12,2,1,4.6,6,17,4.3,5,10,5,9,1,1,100.0,3
12.1,3,8,1,7.8,7,0,10.7,7,4,4,3,0,1,100.0,3
11.1,14,9,1,4.8,3,6,9.2,9,2,5,1,0,2,100.0,3
9.5,1,10,1,9.2,1,11,11.0,1,8,5,9,2,0,100.0,3
3.6,8,9,5,6.9,7,9,5.2,4,10,10,8,1,1,86.8,3
2.4,8,10,4,4.3,5,11,10.6,1,8,8,7,2,0,100.0,3
13.1,5,9,9,4.6,5,10,12.2,8,1,10,6,2,0,97.5,3
9.4,10,2,3,6.5,3,3,5.5,3,10,7,10,1,1,87.8,3
11.6,5,4,7,9.7,0,18,5.4,2,6,9,7,1,0,52.1,1
7.8,7,7,8,8.4,6,5,12.7,4,1,1,9,1,0,87.2,3
3.4,5,2,6,6.4,3,8,1.6,3,6,6,6,1,1,30.7,1
3.5,0,1,10,5.4,7,19,5.6,5,7,6,10,2,1,30.6,1
10.2,3,3,1,6.8,7,9,2.5,8,2,2,3,2,2,73.6,2
7.2,12,4,8,8.2,3,4,1.4,10,9,8,3,2,1,95.8,3
4.4,6,8,10,8.5,5,12,2.5,8,8,6,4,1,0,81.1,3
7.9,12,6,3,5.3,1,8,6.6,7,9,10,10,0,1,100.0,3
2.8,12,2,8,8.0,2,1,9.9,8,10,9,10,2,2,100.0,3
9.0,1,9,4,7.6,6,17,4.8,5,4,10,8,0,1,59.8,2
5.2,8,2,8,9.7,7,0,12.0,10,4,5,10,0,0,100.0,3
11.6,7,5,1,9.5,7,11,6.7,10,8,7,9,0,1,100.0,3
5.7,7,4,3,8.5,3,9,13.6,6,1,6,8,1,0,78.5,3
7.5,6,7,6,8.1,6,1,13.4,8,8,5,10,1,1,100.0,3
2.1,3,8,9,4.9,3,8,11.1,1,7,6,2,2,2,79.2,3
2.9,1,5,2,8.9,0,1,13.1,6,7,4,4,2,2,100.0,3
6.7,2,10,1,6.0,6,13,10.2,6,9,3,4,1,1,100.0,3
7.8,11,5,10,4.9,0,10,12.6,5,10,1,2,1,0,100.0,3
9.2,5,2,3,5.7,7,10,4.1,4,7,1,8,0,2,88.1,3
5.5,11,8,4,8.9,5,16,5.5,1,2,6,3,1,0,53.3,1
10.3,11,2,5,4.0,0,3,10.8,10,1,9,2,1,1,99.5,3
12.3,4,10,3,6.2,6,12,6.5,8,1,8,7,1,2,100.0,3
11.4,11,6,10,6.4,4,6,11.9,6,7,2,1,1,2,100.0,3
2.5,7,8,2,3.3,6,15,12.4,3,5,9,6,0,0,92.8,3
7.8,5,6,2,4.4,3,0,4.9,3,4,8,3,2,2,91.9,3
3.3,5,4,7,8.8,0,12,11.7,6,5,9,3,0,0,69.0,2
4.9,0,4,9,8.8,1,0,3.0,7,10,4,5,1,0,70.0,2
13.8,3,6,10,5.0,4,10,5.3,8,10,9,3,1,1,89.6,3
3.7,4,4,2,9.1,5,5,7.7,5,6,2,4,2,0,67.7,2
8.0,11,8,7,8.4,2,19,3.9,10,10,1,3,2,2,100.0,3
9.4,10,9,7,5.9,3,2,8.5,6,6,9,7,2,0,100.0,3
10.4,2,1,7,8.2,3,11,8.5,1,1,10,3,0,2,17.0,0
8.7,12,4,3,9.7,1,4,3.7,6,2,8,10,2,0,87.5,3
2.1,8,4,7,6.2,2,8,11.3,9,3,7,4,1,1,71.9,2
5.9,0,2,1,4.7,7,11,9.2,10,4,8,2,1,1,56.2,2
8.2,5,6,10,9.6,2,9,5.1,4,6,1,2,1,0,56.8,2
3.1,5,3,1,7.2,5,18,4.0,10,9,9,9,0,0,92.5,3
6.2,9,7,5,3.7,5,4,12.4,1,2,10,1,2,0,60.2,2
2.4,4,5,2,7.0,4,4,11.9,9,8,9,1,2,1,77.7,3
2.9,11,4,9,6.5,7,8,4.0,4,9,9,10,2,0,63.9,2
6.8,14,5,7,9.0,3,19,1.5,2,2,6,1,2,0,36.5,1
3.6,4,8,4,6.7,0,16,11.5,1,9,4,3,1,2,99.0,3
8.8,9,3,4,4.8,5,9,9.0,3,7,2,2,0,1,78.8,3
10.3,13,7,2,7.7,1,0,2.3,7,9,4,3,2,1,100.0,3
11.6,12,6,5,6.8,1,15,8.6,10,6,7,5,1,0,100.0,3
4.4,4,1,4,4.6,1,14,6.9,2,2,1,9,1,0,60.6,2
4.0,5,7,1,7.0,6,16,11.1,9,8,9,2,0,2,100.0,3
3.3,7,7,8,8.8,7,19,3.7,2,10,3,1,2,0,56.6,2
9.6,1,1,3,3.2,7,12,6.9,5,9,4,6,0,1,76.4,3
10.5,5,9,6,7.4,5,0,3.0,8,8,5,3,2,2,100.0,3
2.4,0,6,4,5.4,5,7,13.4,10,2,3,7,0,1,100.0,3
13.2,3,2,9,5.0,1,4,11.1,8,8,4,6,2,0,100.0,3
2.6,13,5,7,5.7,7,5,10.6,3,3,5,7,2,2,90.4,3
8.5,9,4,9,5.4,7,19,10.0,2,3,1,5,0,1,70.5,2
10.5,2,7,10,8.8,5,13,6.5,9,9,9,1,2,1,71.8,2
12.5,8,8,3,4.9,6,10,13.0,3,9,10,3,0,1,100.0,3
10.6,2,1,1,8.1,0,5,1.9,8,9,10,3,0,0,80.4,3
11.6,14,5,5,3.7,0,10,11.4,2,4,4,7,2,0,100.0,3
6.1,5,3,3,9.7,4,12,3.8,3,7,9,3,2,0,29.7,0
11.8,0,1,6,7.4,7,11,5.2,1,8,4,5,0,0,33.6,1
3.0,11,3,8,7.9,3,1,7.8,6,5,1,4,1,1,90.6,3
12.7,5,6,4,5.1,0,2,11.2,7,1,5,4,0,2,100.0,3
8.6,3,7,5,5.9,4,3,11.9,4,9,9,7,1,0,94.3,3
11.8,7,8,5,4.6,2,16,8.6,1,6,3,1,1,2,100.0,3
7.4,12,4,4,9.5,3,5,6.2,3,3,5,7,0,1,78.7,3
9.7,10,3,4,6.4,7,6,13.3,9,3,3,8,0,0,100.0,3
8.3,8,5,4,7.4,0,14,4.2,5,10,3,3,0,1,96.0,3
10.8,3,9,4,8.1,6,10,11.4,6,1,1,3,1,0,96.8,3
3.0,9,6,4,5.6,2,2,9.0,4,8,2,4,0,0,100.0,3
2.7,11,9,5,8.0,4,5,5.9,1,2,2,6,0,2,97.0,3
5.0,9,6,2,7.7,0,1,1.0,5,1,9,7,2,1,85.9,3
3.9,5,2,2,7.9,7,13,6.8,5,7,7,1,2,1,44.3,1
12.5,0,5,9,6.4,0,8,4.6,5,9,8,4,2,1,66.8,2
4.6,3,9,2,5.7,5,17,2.4,6,6,2,7,0,2,100.0,3
13.7,6,8,6,4.6,2,18,2.0,2,8,9,2,0,2,92.6,3
6.0,11,7,2,8.8,0,11,5.5,1,8,3,1,0,1,95.2,3
4.2,14,1,5,7.3,1,12,9.0,2,9,10,1,1,1,53.8,1
11.5,0,4,4,6.1,6,11,11.9,10,7,2,10,1,0,100.0,3
9.9,7,7,7,9.6,5,11,3.4,6,9,1,6,2,0,100.0,3
8.0,11,7,7,3.3,5,17,6.5,5,9,9,5,1,2,100.0,3
8.7,9,6,6,9.0,0,8,6.1,5,1,8,1,1,0,53.8,1
10.6,11,8,10,10.0,6,16,7.7,6,6,4,10,1,1,100.0,3
4.7,10,6,5,9.2,5,15,11.5,10,8,7,3,2,1,100.0,3
14.0,5,10,1,8.7,3,16,8.2,7,10,3,7,2,0,100.0,3
13.7,4,3,3,5.6,2,7,12.0,9,9,3,9,1,0,100.0,3
9.8,9,4,9,4.6,3,10,7.7,7,4,4,9,0,2,100.0,3
4.4,10,3,1,8.1,4,1,8.9,2,2,2,6,2,0,73.9,2
10.2,14,1,5,5.1,3,7,6.7,6,9,10,3,1,2,94.7,3
2.9,13,10,2,4.2,6,11,11.7,9,9,4,1,0,0,100.0,3
2.4,8,5,4,8.5,1,0,13.0,7,8,10,3,0,0,100.0,3
5.1,1,1,1,5.2,5,12,9.3,2,3,3,10,2,0,49.4,1
7.6,4,1,3,9.4,6,16,11.7,3,5,8,2,0,0,27.4,0
12.4,5,2,10,8.9,5,13,1.8,8,2,2,5,2,1,59.7,2
10.7,6,4,7,8.9,7,13,12.8,9,3,9,8,1,1,84.1,3
10.9,4,6,10,8.4,1,15,3.5,4,1,3,5,2,1,49.9,1
7.1,8,8,3,9.2,5,16,4.3,9,4,4,1,0,0,87.1,3
6.2,0,3,4,8.6,3,5,1.7,2,5,10,3,2,2,15.4,0
6.5,6,1,2,7.2,7,6,13.6,5,2,10,5,2,0,47.4,1
13.9,9,3,3,5.1,7,0,12.1,2,3,3,7,1,1,100.0,3
2.5,6,3,9,9.2,4,14,12.9,1,6,3,5,0,2,62.3,2
12.4,3,5,3,8.9,7,19,12.0,5,6,8,10,2,2,96.0,3
8.9,8,4,5,6.3,7,17,7.2,2,7,8,5,1,1,56.6,2
7.3,13,4,2,3.3,0,12,13.0,7,9,6,7,1,0,100.0,3
10.7,11,9,4,7.5,1,1,13.6,8,4,4,8,1,2,100.0,3
7.8,10,7,7,3.4,3,18,7.5,2,5,1,8,1,2,100.0,3
12.5,4,4,7,9.5,6,14,3.3,7,2,4,7,1,1,67.3,2
12.8,3,3,3,9.7,3,11,9.6,4,6,8,3,2,2,72.3,2
7.1,12,6,5,4.3,3,14,13.7,1,4,6,2,2,2,84.4,3
5.3,6,3,1,7.7,0,17,12.3,3,5,2,1,0,2,87.2,3
9.1,3,6,10,3.6,2,13,12.2,1,7,3,6,2,0,84.4,3
12.9,14,9,10,8.1,5,5,13.1,5,6,7,9,0,0,100.0,3
4.5,2,6,10,5.4,5,11,12.6,8,8,4,3,0,1,91.2,3
9.5,8,4,1,7.8,6,19,11.1,1,6,4,5,0,0,84.3,3
9.6,10,5,5,5.6,7,5,10.3,9,10,5,9,2,2,100.0,3
10.8,7,6,10,4.0,4,8,4.4,3,8,8,9,1,0,71.0,2
3.6,0,3,9,5.8,6,3,9.1,5,4,7,7,0,2,56.1,2
10.6,6,8,1,3.8,2,16,7.8,9,7,9,4,1,2,100.0,3
12.9,8,4,1,7.0,5,1,12.2,5,3,5,2,0,0,100.0,3
4.2,7,8,4,3.3,4,15,7.4,9,1,1,2,2,0,100.0,3
4.9,7,10,4,6.7,6,13,2.7,10,9,4,4,0,0,100.0,3
13.7,12,10,2,9.2,4,7,1.1,8,9,6,1,2,0,100.0,3
4.2,5,3,9,8.9,3,13,9.8,7,6,6,4,1,1,60.0,2
12.3,10,10,9,9.2,1,1,8.1,1,2,9,6,2,0,90.9,3
7.9,3,7,2,9.5,3,15,5.3,4,8,10,6,1,1,70.9,2
5.0,7,9,9,3.7,0,3,3.2,9,10,5,7,2,2,100.0,3
12.4,2,4,6,3.9,7,0,7.1,10,6,5,5,0,1,100.0,3
7.3,12,8,8,6.9,5,19,2.3,8,7,6,9,0,2,100.0,3
8.2,8,3,10,9.3,4,13,5.4,4,1,6,2,2,1,21.3,0
6.3,12,7,4,9.8,6,7,5.9,1,3,3,2,1,1,54.5,1
9.1,1,3,2,3.3,7,2,7.1,10,1,6,4,1,2,85.6,3
4.0,1,7,2,5.5,1,4,7.1,4,10,8,4,1,1,87.5,3
6.7,11,10,9,4.5,6,5,4.3,3,1,6,4,2,2,83.2,3
13.6,12,10,1,8.3,5,7,12.1,6,1,5,1,2,0,100.0,3
5.1,14,6,7,7.5,4,5,5.6,5,4,3,4,2,2,95.6,3
9.9,11,2,3,3.8,4,5,4.0,5,7,1,5,2,1,100.0,3
5.9,6,3,3,6.4,3,3,3.3,2,7,5,9,1,0,68.3,2
11.3,11,6,2,7.8,1,6,5.2,3,5,6,3,1,1,88.8,3
3.6,9,4,10,8.5,1,18,1.9,6,6,6,3,2,0,58.3,2
13.6,3,6,6,3.1,5,6,1.4,2,2,6,5,2,2,71.9,2
7.4,9,1,10,9.2,4,2,8.9,4,5,3,10,1,0,66.2,2
4.8,7,10,2,7.0,7,7,9.0,2,7,4,6,1,0,100.0,3
2.9,8,1,10,8.7,1,0,7.9,9,9,3,3,0,0,84.7,3
4.0,6,3,4,8.7,1,0,10.9,3,6,2,1,2,1,72.5,2
8.2,4,8,10,4.3,6,13,1.5,10,10,8,10,0,0,100.0,3
6.0,7,8,9,3.8,5,5,13.2,10,4,7,8,1,2,100.0,3
11.9,3,4,9,8.0,3,9,2.2,6,3,8,1,1,2,41.7,1
7.2,1,6,6,4.1,6,13,9.8,1,9,6,2,2,2,55.9,2
5.0,10,8,4,8.9,6,3,2.7,10,7,7,3,0,0,100.0,3
9.4,14,7,7,8.1,2,5,12.4,3,6,1,6,1,2,100.0,3
10.5,11,7,1,8.9,0,15,7.6,8,7,10,4,0,1,100.0,3
4.0,5,4,4,5.1,2,0,2.1,5,8,5,4,0,2,100.0,3
4.0,8,9,5,5.2,1,5,9.0,8,5,4,9,0,0,100.0,3
2.4,0,10,8,7.7,4,8,1.1,2,3,10,6,0,2,41.8,1
10.8,10,6,2,3.2,0,14,11.1,7,3,3,2,0,0,100.0,3
10.0,9,3,5,8.1,0,11,9.5,9,2,2,7,2,0,100.0,3
7.7,11,5,6,8.9,4,2,3.8,7,8,9,3,2,2,91.3,3
12.1,6,5,5,5.9,0,10,5.9,3,1,8,9,0,1,73.0,2
11.7,9,5,9,8.4,4,14,1.1,7,8,10,6,2,1,66.7,2
9.0,8,8,10,4.2,0,2,10.0,8,3,2,8,1,2,100.0,3
12.4,9,9,1,5.3,6,13,5.2,1,9,6,1,0,0,100.0,3
4.5,8,9,3,9.8,7,1,8.4,3,2,3,2,2,2,96.4,3
3.3,9,6,2,9.9,5,3,13.4,5,10,3,6,2,0,100.0,3
5.2,10,6,3,6.6,5,18,4.9,6,9,5,3,1,0,92.7,3
2.7,12,9,10,9.5,2,11,13.9,3,6,7,1,1,0,76.7,3
8.4,2,4,9,6.7,6,1,9.2,4,1,7,6,1,1,33.3,1
13.2,10,6,9,5.0,0,16,4.1,5,5,10,5,1,1,93.9,3
2.5,12,4,10,4.9,3,2,6.7,3,10,1,9,0,2,100.0,3
3.5,4,1,2,9.5,4,9,10.6,4,9,7,6,2,1,67.6,2
7.4,7,7,3,4.2,6,15,6.8,5,6,7,5,2,0,83.4,3
13.2,7,10,4,7.1,0,8,1.9,2,7,6,1,1,0,100.0,3
5.8,3,6,9,6.9,5,10,3.2,10,4,6,1,2,2,75.4,3
8.1,14,9,3,8.2,5,14,11.3,9,1,2,1,2,0,100.0,3
2.5,14,7,7,6.5,4,2,9.4,10,5,3,7,2,2,100.0,3
3.8,11,7,3,4.9,3,15,8.4,8,2,3,6,1,2,100.0,3
13.8,10,2,7,4.2,0,11,3.2,6,8,3,5,2,0,100.0,3
13.6,10,9,7,7.3,0,4,11.9,10,4,2,4,2,1,100.0,3
2.1,0,10,9,8.0,3,6,13.5,3,1,9,8,2,0,57.8,2
13.4,0,9,2,7.0,3,8,1.5,2,10,6,8,0,0,99.0,3
9.7,14,6,6,8.2,3,17,2.0,7,7,2,5,0,2,100.0,3
12.4,3,3,9,4.0,5,7,12.5,8,2,3,4,2,1,83.1,3
7.5,5,1,2,9.2,4,11,11.6,10,3,10,2,2,2,51.8,1
8.2,7,4,2,7.1,6,19,9.0,1,9,6,7,2,0,74.9,2
7.9,5,3,5,3.9,7,1,13.3,6,9,4,5,2,2,100.0,3
10.0,11,1,10,6.2,3,9,9.4,7,2,7,3,2,2,64.9,2
3.7,8,3,10,8.9,4,18,3.8,9,3,6,9,2,0,64.1,2
2.4,14,4,10,9.3,2,8,10.5,3,9,6,9,0,2,99.8,3
5.7,14,8,8,4.9,0,7,9.4,2,1,3,10,1,0,100.0,3
10.5,8,9,9,8.0,0,0,13.8,5,2,8,8,2,2,100.0,3
4.4,13,3,2,3.7,7,5,3.8,10,2,9,1,2,1,84.7,3
10.1,1,6,5,3.2,7,11,8.8,1,10,6,3,2,0,73.2,2
13.6,9,10,7,6.9,1,18,11.1,6,3,2,2,1,1,100.0,3
3.1,0,5,6,7.9,2,16,5.4,9,10,1,4,2,2,100.0,3
10.1,1,6,6,8.6,6,1,5.9,10,3,3,2,2,1,87.7,3
7.3,4,4,7,5.4,7,10,12.5,9,10,3,8,1,1,100.0,3
12.4,3,10,3,3.0,3,17,6.3,7,2,8,1,2,1,99.0,3
4.1,3,6,3,6.4,3,10,9.1,7,8,5,4,1,2,100.0,3
10.3,8,7,10,3.1,6,17,12.6,8,8,1,5,1,0,100.0,3
12.1,10,9,9,3.6,5,7,3.7,10,8,4,10,2,2,100.0,3
13.3,7,10,8,5.3,2,14,13.8,2,2,7,4,0,2,100.0,3
10.2,5,7,5,6.1,3,8,10.1,6,9,5,8,0,2,100.0,3
8.0,0,6,6,5.0,7,14,7.4,5,7,10,2,2,0,49.0,1
9.4,1,1,10,7.1,1,6,6.6,5,5,6,9,1,2,51.1,1
12.4,5,2,1,3.4,4,19,13.4,3,7,10,2,1,2,88.9,3
8.8,10,1,10,4.0,0,12,3.7,3,8,4,2,1,0,44.7,1
2.4,1,9,1,7.9,2,12,5.1,6,9,2,2,2,0,98.2,3
13.2,14,10,4,4.0,0,0,5.0,10,2,9,10,0,0,100.0,3
10.3,12,10,2,7.5,4,19,4.8,10,6,2,8,1,1,100.0,3
10.1,9,9,7,3.4,2,3,7.1,7,9,2,3,1,0,100.0,3
4.6,4,7,2,5.9,7,3,13.9,1,6,2,10,2,1,100.0,3
9.9,13,2,10,4.2,4,3,12.6,3,2,1,10,0,1,99.5,3
6.7,4,6,2,3.8,3,12,5.3,1,1,3,8,0,2,85.6,3
9.8,5,4,5,7.0,6,1,6.5,10,3,6,7,2,1,93.6,3
3.3,5,1,4,9.5,3,14,9.7,3,5,7,10,0,2,68.3,2
9.9,13,1,8,3.4,7,3,1.2,5,7,1,4,2,1,81.9,3
14.0,5,5,4,6.0,6,5,11.7,9,10,5,7,1,0,100.0,3
2.6,13,2,6,8.0,3,2,12.4,3,10,5,8,2,2,100.0,3
13.7,1,4,5,6.2,4,6,12.1,10,3,1,6,1,1,100.0,3
6.9,13,1,2,8.6,4,5,5.9,10,9,4,6,2,2,100.0,3
12.4,9,4,8,4.3,4,2,7.0,9,10,10,3,1,0,100.0,3
11.4,13,6,2,9.7,0,3,1.2,1,4,1,5,1,1,100.0,3
8.8,12,10,9,5.7,7,9,6.2,6,10,1,10,2,1,100.0,3
10.9,14,4,9,5.4,4,8,7.0,9,2,7,2,1,0,81.6,3
12.5,13,1,3,9.1,3,5,12.8,5,3,7,5,0,1,94.7,3
6.8,2,7,4,6.9,1,19,12.6,10,5,3,5,2,1,100.0,3
5.9,13,2,8,6.6,7,10,13.6,2,3,7,7,0,2,62.8,2
10.0,5,9,9,8.1,4,6,12.5,5,5,3,4,1,1,99.7,3
11.7,12,3,3,7.1,1,17,1.1,1,4,2,6,1,0,70.8,2
11.1,7,8,5,4.1,6,3,9.3,9,10,10,9,1,1,100.0,3
11.6,11,8,8,7.7,3,4,1.9,10,3,4,4,2,2,100.0,3
7.2,12,3,3,3.9,4,3,4.5,10,6,10,6,1,1,100.0,3
11.8,10,4,7,8.6,0,3,8.5,9,8,3,9,0,2,100.0,3
3.4,11,2,8,9.9,0,12,10.1,6,4,7,10,0,1,87.6,3
8.5,0,4,10,5.6,6,15,9.5,9,9,1,1,2,2,79.4,3
2.1,0,9,3,6.1,1,13,1.6,3,6,6,8,0,2,85.2,3
5.9,10,2,2,3.3,5,10,2.3,4,5,2,1,2,1,69.3,2
6.4,12,3,10,3.1,0,1,2.7,6,3,8,4,2,0,71.4,2
6.8,1,4,7,9.4,7,13,2.2,4,5,5,3,1,0,20.6,0
10.3,10,5,9,3.9,0,6,3.3,1,5,3,4,0,1,73.5,2
6.7,14,1,1,6.1,0,10,10.0,7,4,10,7,0,1,97.0,3
7.4,11,7,3,8.7,3,3,11.8,5,6,7,9,0,1,100.0,3
4.9,11,10,5,9.2,0,6,6.3,8,3,2,9,1,1,100.0,3
6.5,5,7,3,6.6,2,15,10.0,9,10,5,10,2,1,100.0,3
4.7,8,9,1,7.0,4,5,3.6,5,1,8,1,0,0,64.0,2
2.9,3,4,7,7.7,6,5,13.7,8,7,1,10,0,2,100.0,3
9.2,2,6,7,9.7,0,1,5.5,1,7,1,1,0,2,76.2,3
10.0,11,2,10,7.2,5,7,12.0,1,4,3,9,0,0,64.7,2
9.4,7,4,8,6.9,7,6,13.3,7,9,3,4,1,0,96.5,3
7.6,10,2,5,3.1,5,13,12.2,6,2,7,3,2,2,75.2,3
6.6,9,10,10,3.6,0,8,1.9,5,1,6,9,0,0,100.0,3
12.4,13,5,5,7.0,0,14,9.5,5,3,7,5,0,1,100.0,3
8.2,8,7,5,9.6,2,17,2.6,9,7,4,6,2,0,100.0,3
7.8,11,1,1,9.1,0,11,1.1,1,9,2,1,1,0,55.2,2
2.3,10,10,10,9.9,0,18,1.7,8,2,2,1,1,0,97.9,3
6.1,4,10,5,6.7,4,12,12.9,2,6,10,7,1,0,74.3,2
6.6,8,7,6,8.5,5,6,12.8,7,3,1,10,1,2,100.0,3
6.8,1,10,1,8.9,2,9,3.9,6,5,9,8,0,2,100.0,3
9.0,2,6,7,7.5,5,9,8.1,10,9,7,8,2,2,100.0,3
8.4,6,6,1,5.4,2,1,13.4,2,3,10,7,2,2,84.4,3
9.3,6,8,2,6.3,5,13,7.5,3,1,3,9,2,1,91.9,3
11.2,5,8,2,9.0,0,12,6.1,4,5,2,1,1,1,95.6,3
11.8,5,6,5,5.1,5,5,7.3,7,1,3,2,1,2,90.1,3
10.6,1,3,10,9.5,5,8,11.3,8,8,7,3,2,2,57.9,2
13.5,9,5,7,4.6,2,12,7.2,2,7,5,5,0,2,100.0,3
2.2,5,2,1,8.2,6,8,11.2,8,2,3,4,1,0,69.8,2
4.3,3,5,10,7.4,1,12,6.6,9,9,9,4,0,1,67.6,2
2.1,11,9,1,8.2,2,4,4.3,7,5,2,8,2,1,100.0,3
9.8,2,10,1,6.1,2,13,5.2,1,7,7,8,1,0,82.6,3
12.8,12,1,6,9.5,2,4,2.0,6,4,10,7,0,0,75.5,3
4.9,10,10,2,7.4,3,8,7.5,8,1,6,1,1,0,92.5,3
13.1,12,5,1,5.0,6,7,2.9,5,8,6,10,2,1,100.0,3
2.7,1,6,6,7.5,3,6,11.6,2,1,7,4,2,0,40.9,1
13.2,0,7,2,5.0,3,7,6.5,5,3,6,1,2,0,70.6,2
6.2,10,9,6,5.1,2,2,10.9,8,6,2,5,0,0,100.0,3
3.2,10,6,10,5.8,1,14,13.4,2,8,5,3,1,2,84.7,3
7.8,4,5,8,9.0,2,7,12.0,1,8,3,3,1,0,59.8,2
5.1,1,7,2,6.5,0,0,13.4,4,2,9,4,1,2,94.1,3
5.4,1,1,9,7.8,1,6,8.4,4,9,8,2,2,1,34.8,1
5.7,6,5,8,5.7,3,18,3.1,9,4,10,7,0,1,73.5,2
11.6,7,2,10,4.8,7,1,13.2,3,4,2,4,2,1,76.2,3
8.5,12,4,1,9.7,5,13,12.3,4,2,1,5,2,2,100.0,3
5.7,9,7,7,7.2,5,17,12.2,3,1,4,2,0,0,67.4,2
9.3,7,5,10,9.5,6,14,10.0,2,10,4,6,2,1,74.8,2
10.6,13,6,6,4.4,7,13,9.1,4,7,10,9,2,0,100.0,3
5.3,3,2,6,4.0,4,18,1.2,8,10,2,8,1,2,100.0,3
7.0,14,3,6,9.0,6,18,10.7,1,3,7,8,0,1,54.8,1
3.5,13,7,6,7.8,1,16,2.2,8,4,3,2,0,0,100.0,3
4.2,0,2,10,4.3,3,18,4.4,8,9,7,4,1,0,51.7,1
10.2,10,6,7,4.9,1,15,8.2,3,6,7,8,0,1,99.7,3
4.2,6,5,3,8.6,1,19,6.9,10,1,1,1,1,0,79.0,3
8.3,0,10,6,6.2,5,18,1.2,10,9,6,8,2,2,100.0,3
10.5,10,1,3,7.7,2,0,11.7,6,9,4,3,0,1,100.0,3
3.3,3,10,7,5.2,0,18,12.4,4,5,8,8,0,1,100.0,3
8.8,7,4,7,5.7,4,6,9.9,1,8,8,6,2,1,60.7,2
5.1,1,2,8,9.9,3,10,8.0,1,7,3,7,2,1,39.9,1
13.6,5,4,2,4.7,1,4,13.5,5,8,4,2,0,2,100.0,3
7.8,12,1,9,6.5,4,16,2.6,8,9,1,1,0,2,83.4,3
11.7,5,2,5,8.9,1,10,10.6,1,2,10,6,0,0,46.4,1
8.6,11,8,9,4.7,7,7,2.7,2,10,2,3,1,2,100.0,3
2.5,8,6,10,5.9,5,9,6.0,7,5,7,4,0,0,69.3,2
9.6,4,2,5,7.3,0,11,8.6,8,8,7,9,0,0,97.4,3
13.4,9,6,7,6.4,5,9,10.6,3,3,9,3,2,1,69.3,2
9.2,3,10,9,6.2,4,12,1.0,8,6,10,2,2,0,69.3,2
11.8,4,9,4,5.5,3,17,4.4,1,6,9,2,1,1,74.1,2
12.6,11,7,2,7.1,1,9,8.0,9,7,9,2,2,0,100.0,3
4.7,11,9,9,7.4,0,18,7.9,2,3,6,6,0,2,84.4,3
4.5,9,5,2,7.6,7,19,9.3,2,8,8,2,0,1,65.9,2
9.3,14,7,3,3.5,5,16,5.0,4,8,9,7,1,0,100.0,3
6.9,10,7,10,7.4,7,19,8.0,10,9,7,7,2,2,100.0,3
12.1,4,3,2,9.7,4,15,3.5,3,8,4,7,2,2,82.4,3
12.8,7,7,3,6.8,5,4,3.4,4,3,4,2,2,1,83.1,3
6.2,9,1,6,8.0,1,2,8.5,6,6,6,7,1,1,85.7,3
4.8,11,9,3,6.9,1,14,9.9,7,9,4,10,2,1,100.0,3
11.4,7,10,10,9.0,7,1,2.6,5,1,7,8,2,0,81.2,3
5.3,1,6,8,9.5,3,12,2.6,2,3,8,8,2,1,27.5,0
11.9,6,5,6,4.3,0,7,8.3,3,2,8,2,0,2,69.9,2
7.1,7,7,7,6.1,2,16,4.5,10,8,8,5,1,2,100.0,3
10.0,10,5,1,5.7,5,3,6.1,3,6,2,6,0,1,97.3,3
3.1,5,10,3,5.8,1,18,6.2,5,10,10,9,1,1,100.0,3
9.5,4,5,3,3.9,4,8,3.3,5,8,2,6,2,2,100.0,3
7.4,10,10,2,8.7,5,14,1.0,4,2,2,10,0,0,100.0,3
9.0,8,7,7,3.3,3,8,12.1,8,6,2,6,2,2,100.0,3
4.0,12,10,9,6.7,3,8,10.3,6,7,4,10,2,2,100.0,3
10.8,2,7,4,7.6,1,13,10.0,6,8,5,10,1,2,100.0,3
12.4,11,3,5,4.5,1,15,8.1,1,9,4,6,2,1,99.7,3
4.6,12,3,3,9.3,7,16,10.1,6,5,5,9,0,0,94.8,3
3.1,12,10,9,8.9,1,12,13.2,3,3,4,10,1,0,100.0,3
2.3,9,3,4,6.3,7,8,9.7,6,2,7,7,1,1,72.6,2
9.7,3,6,5,5.9,6,14,4.4,10,8,10,1,0,2,86.7,3
9.3,8,6,1,4.7,2,6,8.4,6,1,1,1,2,1,100.0,3
8.6,5,3,2,8.1,1,0,6.8,2,10,1,4,2,1,73.0,2
4.8,7,3,9,3.9,5,0,8.2,1,6,2,2,2,0,63.3,2
6.7,6,8,2,7.8,5,4,7.7,3,2,1,3,2,0,76.0,3
9.1,10,8,5,8.9,7,8,12.2,5,3,10,7,2,1,100.0,3
8.0,1,7,8,4.6,6,11,9.5,4,8,10,7,1,1,71.8,2
13.9,2,10,3,9.1,6,5,3.5,7,1,3,3,1,0,88.1,3
3.6,0,4,6,3.2,0,12,1.8,4,6,6,2,0,0,50.0,1
10.3,8,4,4,9.4,4,7,6.5,8,3,10,1,2,2,69.0,2
6.9,12,3,7,3.8,1,14,1.2,7,6,6,9,2,1,98.0,3
7.1,6,5,10,7.5,7,5,5.1,10,3,1,10,2,2,100.0,3
10.6,0,3,3,4.8,5,5,5.8,9,8,6,3,0,2,99.6,3
10.3,2,8,6,8.9,6,3,5.9,1,5,5,9,2,2,76.6,3
13.9,3,7,10,6.6,5,10,13.7,5,4,7,4,1,0,80.4,3
3.5,3,3,9,3.9,5,17,5.0,4,9,6,10,2,2,78.7,3
3.2,4,9,10,7.0,6,2,4.4,6,5,7,6,0,0,86.6,3
10.7,13,5,1,5.9,2,2,2.7,1,4,2,7,1,0,100.0,3
8.9,2,9,3,7.6,6,11,7.6,6,8,1,10,1,0,100.0,3
5.3,2,7,2,9.2,6,5,3.0,1,8,7,6,1,1,52.5,1
3.0,0,7,8,5.9,4,5,9.0,1,8,9,1,2,2,45.9,1
3.0,6,6,7,5.0,7,7,3.0,8,4,2,6,0,0,93.0,3
12.7,10,2,2,3.1,7,14,8.5,2,1,7,6,0,1,76.0,3
4.3,9,9,6,7.0,6,17,11.7,10,2,3,5,2,1,100.0,3
5.9,13,6,3,5.8,3,19,1.6,6,4,6,3,0,1,93.0,3
4.7,0,8,8,5.6,7,15,6.5,6,10,3,10,1,0,100.0,3
6.3,1,1,10,4.3,7,5,7.0,6,2,10,3,1,0,11.5,0
2.8,12,5,3,6.0,7,16,11.3,8,10,5,10,0,0,100.0,3
8.2,3,1,10,9.9,6,8,7.1,4,3,2,7,0,1,36.9,1
2.8,12,10,9,5.1,5,18,8.4,3,9,8,8,2,0,100.0,3
11.6,3,8,1,7.2,1,17,11.3,6,9,8,3,2,2,100.0,3
4.8,4,8,5,8.4,5,4,8.3,4,9,7,3,2,0,81.2,3
8.5,10,1,3,8.2,4,5,5.7,2,7,6,7,2,0,47.4,1
12.6,1,9,6,5.3,3,11,2.1,6,4,1,10,2,2,100.0,3
9.8,3,2,10,7.3,6,10,10.5,10,1,8,7,2,0,49.0,1
8.4,0,9,2,9.1,2,15,12.3,5,3,1,9,1,0,100.0,3
5.9,1,1,9,3.1,0,19,13.6,9,8,8,6,0,0,90.4,3
6.0,0,10,6,6.1,6,16,13.0,6,4,2,7,2,0,95.5,3
10.0,9,9,7,4.6,1,19,11.4,3,10,8,10,1,1,100.0,3
13.9,9,4,5,5.7,0,8,9.4,5,10,10,1,0,0,100.0,3
9.9,12,9,9,5.9,2,0,11.2,10,2,4,7,0,2,100.0,3
8.7,3,7,1,8.2,4,2,6.6,8,8,7,2,0,2,100.0,3
10.8,3,6,5,3.7,4,8,8.7,9,7,5,7,2,1,100.0,3
7.6,6,5,10,6.6,2,18,5.5,8,10,8,3,2,0,78.6,3
2.7,9,9,6,6.9,5,12,5.2,3,9,6,9,2,2,100.0,3
8.7,10,2,7,6.5,2,13,10.8,9,2,5,5,0,1,83.1,3
13.5,10,2,4,8.1,7,19,6.9,3,5,1,7,0,0,80.7,3
4.1,8,9,1,5.7,7,18,3.8,8,6,3,8,1,1,100.0,3
10.3,8,3,8,9.6,6,6,3.6,10,2,10,2,1,0,45.1,1
4.4,4,8,10,6.4,1,3,12.2,9,2,9,1,1,1,75.3,3
8.4,9,9,4,7.0,7,11,9.8,7,10,9,7,1,1,100.0,3
3.2,0,8,3,8.8,3,13,8.1,4,4,5,6,0,2,79.3,3
7.4,0,4,7,4.9,6,1,6.2,10,8,3,6,2,2,99.3,3
11.1,5,1,2,3.5,6,0,6.6,9,5,6,2,2,1,86.9,3
6.2,1,4,8,8.0,6,17,1.7,3,9,5,3,2,0,29.0,0
10.0,7,9,6,6.4,0,19,6.9,3,4,1,4,2,0,94.7,3
11.5,12,2,7,9.3,0,7,11.3,2,3,2,3,1,0,71.3,2
13.1,8,3,5,9.9,4,2,6.0,10,10,5,2,0,0,100.0,3
4.8,12,10,9,5.8,6,5,6.0,3,8,9,3,2,0,89.1,3
6.8,3,8,5,5.9,5,12,1.2,1,1,4,6,0,2,58.1,2
3.8,4,6,5,5.9,7,8,7.0,4,9,9,9,1,1,72.3,2
13.9,10,8,3,5.3,4,8,1.3,8,4,3,4,1,2,100.0,3
13.1,7,7,1,8.5,1,19,8.4,5,9,1,6,2,0,100.0,3
8.5,2,5,2,8.3,2,8,7.6,2,8,6,1,2,1,55.8,2
12.1,4,9,8,6.4,0,14,11.9,3,3,10,6,1,0,86.5,3
8.3,2,4,1,3.3,6,12,8.6,1,3,7,3,1,0,31.9,1
9.5,11,6,7,5.2,1,15,5.2,2,9,4,9,0,1,100.0,3
3.1,9,2,5,5.0,4,1,7.7,1,3,10,4,1,0,34.9,1
11.1,2,2,3,8.7,4,13,10.1,2,4,5,7,0,2,57.6,2
3.5,2,2,7,3.6,0,5,2.2,3,9,4,4,1,2,65.2,2
11.9,12,10,9,8.6,4,1,9.1,1,4,3,6,0,2,100.0,3
11.4,11,7,2,7.7,5,7,12.9,9,3,1,7,1,0,100.0,3
10.5,6,2,8,8.1,4,3,4.9,10,7,6,2,1,2,79.4,3
2.4,14,2,9,6.0,3,13,9.1,5,6,10,10,0,0,80.6,3
5.6,6,9,3,7.8,7,10,11.7,8,1,5,6,0,0,100.0,3
5.2,6,7,2,7.3,2,13,7.7,5,10,1,8,2,2,100.0,3
6.3,9,3,7,8.4,4,11,10.3,8,8,5,6,2,2,100.0,3
3.1,7,3,5,6.1,7,15,5.0,7,1,6,2,1,0,41.8,1
13.2,4,7,5,6.3,7,5,5.0,4,4,10,4,1,0,58.3,2
8.6,4,5,10,7.5,3,19,9.7,7,6,5,1,0,0,67.3,2
5.7,13,10,5,3.8,1,0,10.2,6,6,1,7,1,0,100.0,3
6.8,3,6,4,6.1,4,11,13.2,3,7,5,8,2,2,89.6,3
7.4,6,8,5,9.8,5,6,3.9,9,5,10,10,0,0,100.0,3
9.2,9,9,4,3.3,1,7,7.1,10,5,1,2,1,0,100.0,3
8.2,3,1,6,5.2,7,8,4.3,9,4,3,10,0,0,79.2,3
13.0,14,3,4,5.2,7,1,2.0,5,6,2,5,2,0,100.0,3
8.0,1,7,2,7.4,6,16,6.2,8,7,1,8,2,0,100.0,3
13.9,3,6,9,3.7,4,19,5.9,7,10,4,8,2,1,100.0,3
12.2,12,7,2,7.4,0,12,4.5,9,10,2,5,1,1,100.0,3
4.5,12,8,9,3.7,3,4,4.9,7,1,5,8,1,1,100.0,3
13.2,7,6,10,3.7,3,9,5.7,4,9,10,6,1,2,100.0,3
3.4,8,3,6,8.1,0,11,13.9,4,8,1,5,1,0,83.0,3
11.8,2,2,9,5.3,2,16,11.2,8,7,10,4,1,2,70.0,2
6.6,6,7,9,9.8,7,5,1.9,6,9,1,5,1,0,91.2,3
12.5,13,1,3,3.3,6,2,12.3,9,3,10,4,2,1,100.0,3
12.4,11,3,1,6.1,5,14,9.2,10,10,4,1,2,0,100.0,3
11.7,13,4,1,3.8,3,6,12.6,7,4,7,3,1,2,100.0,3
11.5,8,1,3,5.5,1,5,5.4,7,7,2,8,2,2,100.0,3
5.7,10,5,5,10.0,7,3,7.0,4,6,2,7,0,0,95.6,3
3.0,3,10,3,9.2,5,18,12.7,3,2,1,7,1,2,100.0,3
6.8,9,3,9,3.3,3,4,4.5,8,2,5,3,0,1,84.8,3
4.1,14,2,9,6.9,6,2,12.9,7,10,6,9,1,0,100.0,3
10.3,2,3,3,7.5,2,8,11.8,4,7,6,6,1,1,76.4,3
6.2,4,8,3,4.5,6,5,13.7,4,9,2,8,2,1,100.0,3
13.7,0,6,5,4.0,1,12,5.2,1,9,7,8,0,2,100.0,3
9.7,2,7,2,9.3,6,19,4.1,7,7,6,3,2,0,83.9,3
11.9,14,6,6,9.8,5,3,5.3,1,8,8,4,1,1,79.6,3
3.6,7,6,7,9.9,7,1,13.4,10,10,6,6,0,1,100.0,3
12.3,10,3,9,8.5,1,3,5.3,10,3,9,2,1,0,72.0,2
13.1,7,8,6,7.6,7,7,8.3,4,1,10,7,2,2,80.5,3
7.8,14,7,3,5.4,0,12,6.2,3,7,2,2,1,1,100.0,3
9.3,12,7,5,4.2,4,9,6.2,3,8,7,5,1,0,91.6,3
11.2,3,6,4,3.6,0,17,3.5,1,2,5,4,2,0,60.7,2
4.1,1,5,5,7.9,5,8,8.0,4,9,1,9,1,1,78.4,3
8.0,12,10,8,8.5,4,0,12.0,1,4,3,2,0,1,100.0,3
6.8,7,8,8,8.8,0,12,1.6,8,10,4,7,2,1,100.0,3
3.8,7,5,6,9.4,4,17,12.6,1,9,2,7,1,2,94.2,3
6.4,9,9,1,9.2,3,14,9.7,6,3,7,7,2,2,100.0,3
2.8,3,9,8,10.0,6,1,9.0,7,8,1,1,1,0,95.6,3
2.3,2,1,8,4.7,1,10,9.1,10,2,3,8,2,0,73.5,2
3.6,1,6,2,8.3,4,13,4.9,2,3,9,2,2,1,26.0,0
13.6,8,7,4,7.1,3,14,6.4,4,1,2,5,0,0,95.8,3
8.6,0,3,2,4.8,6,13,11.4,3,5,5,2,2,2,57.6,2
13.6,6,7,4,9.9,6,15,5.0,9,4,4,5,0,0,100.0,3
7.2,4,7,10,9.3,2,14,7.1,7,1,3,7,2,0,86.9,3
5.7,7,2,7,3.9,7,18,1.3,2,10,5,6,2,1,55.3,2
8.1,3,7,9,3.2,0,8,10.5,6,9,6,5,1,1,100.0,3
7.3,6,1,8,7.8,2,4,6.4,9,6,1,4,1,2,89.9,3
3.3,12,5,9,7.2,7,4,7.8,3,6,2,8,1,0,86.4,3
9.7,4,9,8,9.6,7,10,2.5,6,2,1,8,2,0,86.2,3
4.6,14,7,2,4.6,5,19,13.9,3,7,3,1,2,0,100.0,3
9.4,13,7,7,3.6,3,3,4.9,3,9,8,10,0,1,100.0,3
9.8,4,2,2,4.8,2,19,9.3,4,6,8,2,0,2,67.5,2
3.8,13,8,2,3.1,2,17,8.6,9,8,4,3,0,0,100.0,3
2.7,8,3,4,3.3,7,2,11.2,8,5,6,1,1,0,94.7,3
11.4,8,8,1,9.4,6,3,4.8,1,2,9,3,1,0,63.7,2
7.5,12,3,5,5.5,3,13,10.8,1,4,7,10,0,0,81.2,3
2.7,8,10,6,5.9,6,6,6.0,7,1,2,8,2,2,100.0,3
13.9,11,7,9,3.1,1,7,6.3,3,1,2,4,1,2,100.0,3
2.7,5,2,10,4.9,4,15,9.7,7,6,3,7,1,2,82.9,3
10.3,5,4,8,8.6,5,19,11.2,9,2,8,7,0,1,67.4,2
13.8,4,6,2,7.3,5,14,9.7,3,6,10,5,1,0,77.7,3
4.9,8,9,1,8.3,0,6,12.7,3,1,9,1,0,0,89.7,3
3.7,9,5,2,6.1,6,16,4.7,2,10,3,10,1,0,89.8,3
3.5,7,9,7,5.2,4,11,12.7,10,3,9,4,2,0,100.0,3
5.6,6,5,4,6.4,7,17,2.7,1,9,10,7,2,2,53.7,1
3.2,6,10,10,5.3,0,13,9.6,9,2,8,5,1,1,98.7,3
10.3,5,8,5,8.9,5,14,8.1,6,8,5,2,0,1,100.0,3
2.7,4,1,7,5.1,4,14,7.4,6,6,10,8,1,0,46.9,1
8.1,12,7,3,7.6,2,4,5.0,8,6,3,2,0,2,100.0,3
14.0,3,4,10,4.0,1,15,7.5,5,7,7,8,1,1,81.4,3
11.8,2,5,2,7.8,7,4,3.1,9,5,9,2,2,1,69.6,2
9.4,2,6,7,9.4,2,1,5.8,5,4,6,5,2,0,71.0,2
5.7,5,5,5,7.3,1,19,2.3,2,6,3,4,1,1,55.1,2
9.5,14,1,1,6.9,7,8,8.4,6,8,5,1,1,0,82.0,3
8.3,3,9,1,9.7,6,8,2.2,9,4,7,8,1,2,100.0,3
7.1,11,2,9,7.4,3,3,3.1,3,5,8,10,2,0,49.8,1
3.6,11,9,5,4.8,0,14,2.1,10,7,4,3,2,1,100.0,3
12.6,5,10,1,5.0,0,10,6.0,4,6,2,4,0,0,100.0,3
7.4,2,2,7,7.9,3,0,11.9,10,4,10,4,1,0,60.3,2
4.3,14,9,9,8.1,4,17,12.8,8,4,2,5,1,0,100.0,3
6.4,3,6,1,5.1,3,0,1.9,6,10,3,3,2,0,100.0,3
7.0,14,9,10,5.4,6,7,9.2,7,4,8,9,1,0,100.0,3
11.9,8,6,4,9.9,5,15,9.9,7,1,1,4,0,0,100.0,3
10.8,4,6,3,3.7,3,17,7.9,4,5,7,10,1,1,98.6,3
11.2,12,2,5,5.8,1,8,9.7,6,8,6,4,2,0,99.0,3
2.1,6,8,7,3.4,5,11,4.0,9,7,2,6,1,1,100.0,3
7.0,9,3,8,8.7,3,18,7.4,3,5,9,8,2,0,45.1,1
7.8,1,7,2,3.6,0,17,6.1,8,3,5,7,0,2,100.0,3
2.2,13,5,7,7.7,2,4,2.2,7,1,2,4,0,0,91.1,3
5.1,13,3,1,3.4,1,1,9.1,4,7,3,4,1,1,100.0,3
11.1,4,1,7,7.7,6,6,7.4,10,3,7,5,1,1,58.5,2
3.6,8,8,8,8.9,1,9,4.6,3,4,7,10,2,2,80.5,3
8.4,10,3,2,5.8,7,14,7.2,7,5,10,5,0,0,81.2,3
4.6,2,2,9,6.7,4,6,11.1,10,8,1,1,0,2,92.1,3
2.1,13,1,1,5.8,2,4,11.4,9,7,10,8,0,0,100.0,3
4.9,8,4,6,5.1,1,14,9.4,10,9,4,10,0,0,100.0,3
13.7,13,8,1,8.6,7,19,7.1,3,3,6,5,1,1,100.0,3
11.6,10,3,3,4.9,3,19,8.5,10,10,8,3,1,2,100.0,3
13.5,14,1,6,8.1,1,14,6.0,9,1,3,3,2,2,94.5,3
7.9,5,4,3,4.4,1,9,2.6,8,1,3,4,0,1,80.8,3
3.3,3,9,8,4.7,1,13,6.0,3,10,8,7,1,1,90.1,3
8.6,6,1,5,5.4,4,9,7.9,8,1,8,5,1,2,62.4,2
7.5,7,2,2,7.1,1,16,8.8,4,2,8,1,0,1,42.7,1
12.1,5,9,4,6.2,1,13,13.2,6,2,1,5,1,0,100.0,3
3.2,4,2,9,8.2,4,1,11.1,10,7,8,5,2,2,89.4,3
7.9,5,3,4,4.5,7,15,3.0,2,9,8,6,2,2,63.3,2
3.8,4,7,10,3.1,5,12,3.3,8,8,2,7,0,1,100.0,3
5.9,7,3,10,8.4,2,8,2.3,9,4,9,5,2,0,50.7,1
10.8,0,9,8,8.8,7,6,10.6,7,2,7,2,1,2,73.9,2
7.7,10,6,5,3.4,6,15,10.2,8,3,8,2,2,2,97.8,3
6.5,6,3,10,7.3,5,9,13.8,7,10,2,4,1,0,83.6,3
6.7,14,9,1,5.6,0,8,7.8,10,5,4,1,0,1,100.0,3
7.5,9,1,7,8.6,4,6,11.7,4,9,7,7,0,1,73.0,2
11.4,9,10,3,9.1,4,15,8.5,1,8,6,1,1,1,99.0,3
12.7,10,3,10,9.0,1,8,12.4,3,3,7,3,1,1,64.9,2
13.5,1,1,8,8.4,1,16,10.4,7,9,1,10,2,0,95.5,3
11.4,14,2,3,4.9,6,19,9.4,7,10,8,7,1,0,100.0,3
5.8,13,8,1,8.7,0,6,8.3,3,3,7,6,0,2,100.0,3
10.3,8,7,5,6.7,1,10,10.4,1,10,4,7,1,2,100.0,3
7.3,0,2,2,3.4,3,7,6.5,10,8,1,5,2,0,93.7,3
5.1,10,2,4,6.2,1,6,2.3,9,1,8,8,2,2,83.1,3
12.1,9,9,1,9.6,1,18,1.5,6,4,10,6,1,0,100.0,3
2.5,5,6,9,9.2,3,19,7.2,7,4,7,4,2,1,59.4,2
12.8,8,5,6,3.7,0,11,8.8,1,6,8,1,2,0,81.8,3
7.5,0,10,8,8.2,3,6,2.0,1,2,10,2,0,0,26.4,0
9.6,3,6,4,8.6,4,7,4.7,4,7,1,6,1,2,78.4,3
9.9,3,9,9,4.9,3,6,5.2,7,5,5,4,0,0,100.0,3
12.7,14,7,2,6.3,2,5,8.3,8,10,9,3,0,1,100.0,3
9.6,8,10,9,8.0,4,8,4.6,10,6,5,7,2,1,100.0,3
9.4,10,10,5,6.1,1,12,2.2,9,6,10,7,0,2,100.0,3
2.8,4,9,6,3.8,6,6,3.1,1,6,3,2,1,2,77.0,3
8.2,4,4,3,7.9,4,7,3.3,4,10,9,8,1,0,62.9,2
3.8,5,2,4,9.4,0,16,12.0,4,8,9,1,1,2,60.4,2
10.8,0,8,6,7.6,0,16,4.7,3,10,4,10,0,1,98.1,3
8.1,0,4,7,8.4,3,15,10.3,7,4,4,7,1,2,80.4,3
10.2,14,9,1,5.5,4,1,8.4,1,10,8,10,1,2,100.0,3
2.5,8,4,7,4.3,1,7,13.7,9,8,7,1,0,1,100.0,3
3.0,2,8,1,7.5,0,16,4.5,8,9,5,3,0,0,100.0,3
10.6,3,9,5,5.3,5,12,3.1,2,4,6,3,0,0,58.3,2
2.9,0,9,6,9.0,1,17,1.7,2,1,3,10,0,2,69.6,2
2.9,8,10,2,3.9,5,9,4.1,8,3,6,2,2,1,97.2,3
2.1,14,4,10,6.0,2,1,9.9,1,1,8,10,0,1,67.6,2
13.5,7,1,9,5.8,5,1,2.1,7,7,10,5,0,1,65.9,2
10.9,1,3,10,9.6,7,13,4.2,9,1,9,4,1,0,25.2,0
6.2,7,9,6,4.1,0,15,12.1,3,4,3,6,1,1,100.0,3
5.6,14,4,7,3.1,3,6,8.6,7,1,8,2,0,1,79.8,3
6.2,6,5,10,4.7,2,11,1.9,6,2,3,4,0,0,68.8,2
11.3,10,7,8,8.7,4,13,1.6,7,1,2,7,0,1,100.0,3
9.9,5,5,10,4.5,1,3,1.8,7,5,5,1,1,0,74.8,2
4.2,0,4,1,4.7,0,3,13.2,10,7,4,3,1,2,100.0,3
4.1,14,2,8,3.9,2,17,12.0,1,3,5,1,0,2,68.3,2
3.2,6,2,4,8.0,2,2,12.0,3,8,6,2,1,2,77.0,3
9.9,9,4,10,3.5,7,0,13.0,10,5,3,9,1,2,100.0,3
11.2,6,10,8,5.3,0,16,7.6,1,5,1,10,0,2,100.0,3
5.2,12,10,6,5.0,4,6,4.2,5,5,4,5,1,0,100.0,3
2.3,13,9,9,6.9,4,15,6.2,3,8,6,4,0,0,91.9,3
3.0,8,8,4,8.1,3,4,10.3,1,2,2,4,2,0,78.4,3
13.6,0,3,2,6.7,6,18,12.4,2,2,2,8,2,1,61.3,2
5.5,1,9,2,9.5,5,6,6.7,10,8,1,3,2,2,100.0,3
11.2,10,5,5,9.7,4,13,8.0,5,9,9,4,1,1,91.0,3
9.5,8,3,10,5.5,7,1,13.1,3,10,3,2,2,1,85.0,3
6.6,12,5,9,8.4,3,2,2.4,6,10,2,6,1,1,100.0,3
4.5,8,10,3,8.2,5,16,12.2,9,2,4,9,0,2,100.0,3
3.5,12,4,8,9.3,2,15,3.1,6,4,6,4,2,1,69.7,2
9.4,5,8,4,6.1,0,7,7.3,2,8,1,6,1,2,100.0,3
11.3,5,5,6,6.7,4,17,3.8,2,2,9,4,2,2,34.4,1
9.7,3,10,10,5.9,3,14,8.8,8,4,9,2,1,2,86.5,3
8.4,3,8,6,9.0,2,6,8.3,8,10,8,6,1,1,100.0,3
2.5,4,9,3,4.6,4,8,5.9,6,1,6,7,0,2,95.7,3
13.6,2,4,5,4.7,1,5,12.2,10,2,4,4,1,2,100.0,3
11.6,0,7,3,5.6,6,17,9.6,7,7,2,7,1,0,100.0,3
5.5,14,2,1,4.6,2,17,10.4,1,1,8,8,2,1,73.4,2
13.8,0,6,7,6.9,7,13,3.0,9,1,7,3,0,0,66.4,2
9.2,11,8,4,3.9,7,13,12.5,5,2,4,2,1,0,100.0,3
9.0,14,7,7,5.2,4,13,3.2,9,4,3,5,2,1,100.0,3
11.0,12,7,3,9.4,7,3,3.9,2,7,6,2,0,0,88.7,3
11.7,6,8,5,5.9,2,3,2.7,8,4,1,10,1,2,100.0,3
9.9,0,7,5,8.2,0,14,6.7,7,5,2,5,2,0,81.8,3
3.5,0,5,2,3.8,0,14,12.5,4,4,7,10,0,0,82.5,3
6.1,2,7,10,4.7,6,17,4.3,3,4,3,6,0,2,64.1,2
13.1,9,10,2,8.7,0,13,5.9,4,9,1,8,0,0,100.0,3
4.7,14,3,4,8.3,5,0,12.0,4,6,2,6,0,2,100.0,3
6.5,3,5,4,5.7,1,9,9.0,10,3,10,4,1,1,68.3,2
7.2,3,7,4,9.7,0,19,10.8,10,6,10,3,1,0,96.0,3
7.3,1,9,6,9.4,7,9,3.8,8,7,9,2,0,1,67.4,2
9.4,0,2,2,9.7,1,9,10.3,4,7,7,1,0,0,53.3,1
13.3,2,4,6,6.0,0,1,4.0,5,8,7,2,1,2,94.2,3
4.9,10,7,7,4.4,5,7,13.8,2,4,10,2,2,0,60.1,2
3.5,3,1,10,7.4,7,0,8.3,4,1,8,5,0,1,22.1,0
4.4,2,2,3,7.8,2,0,10.0,7,6,8,9,1,2,89.8,3
12.6,7,9,8,3.9,4,3,2.5,3,8,9,1,1,2,100.0,3
9.7,13,10,2,8.5,4,6,4.3,1,5,2,4,2,1,100.0,3
5.4,9,7,8,3.1,0,8,2.8,8,3,8,10,1,1,100.0,3
11.8,0,10,5,6.4,4,15,6.1,8,4,8,7,0,0,100.0,3
12.3,13,7,2,5.3,0,4,4.7,6,8,5,10,1,0,100.0,3
12.2,1,6,7,8.2,0,1,10.5,7,6,5,3,0,2,100.0,3
13.0,12,3,2,5.2,7,10,2.4,10,5,4,8,1,1,100.0,3
5.0,6,10,6,8.8,6,17,10.8,2,9,5,3,0,1,93.1,3
11.1,3,3,10,7.2,3,18,1.6,5,10,2,8,0,0,78.8,3
7.5,7,2,3,8.6,3,12,3.6,7,3,2,2,1,0,54.5,1
12.1,10,6,9,9.9,6,10,11.3,9,7,5,5,0,2,100.0,3
10.7,12,4,3,7.8,3,19,10.7,1,9,3,4,1,1,95.0,3
11.3,2,5,3,9.9,1,18,7.2,3,4,1,9,1,1,79.7,3
9.9,5,3,5,3.2,3,16,1.6,6,10,9,3,1,1,79.5,3
4.1,8,6,7,5.4,0,4,8.9,7,10,2,5,0,1,100.0,3
8.5,0,3,8,3.8,5,12,6.3,6,3,10,10,1,0,51.3,1
13.8,0,8,7,4.8,5,19,5.1,1,1,2,9,2,0,75.4,3
13.2,7,9,9,8.9,2,0,9.3,4,9,4,6,0,0,100.0,3
2.5,2,4,5,3.2,7,9,6.7,6,1,2,2,2,2,61.9,2
4.0,4,9,10,6.6,3,7,2.2,8,2,7,1,2,1,63.6,2
3.6,0,7,3,7.0,5,7,12.9,10,9,10,1,2,0,83.6,3
10.7,4,3,6,6.9,3,18,11.1,4,5,1,7,2,1,74.0,2
11.8,10,7,5,6.3,7,5,1.7,7,4,2,2,1,0,100.0,3
4.6,5,1,4,8.5,2,11,7.8,3,9,5,7,2,2,58.7,2
8.1,7,3,2,3.9,5,6,2.1,8,9,2,1,0,0,100.0,3
12.1,12,6,7,5.2,0,15,11.9,1,2,9,4,2,2,91.2,3
10.8,13,4,5,7.3,1,8,9.0,4,3,4,10,2,1,100.0,3
8.5,2,7,4,7.8,6,9,3.2,8,3,9,4,2,0,62.8,2
9.1,2,3,8,5.8,6,9,1.3,10,5,1,5,1,0,77.6,3
8.1,11,1,9,9.1,6,9,1.4,4,3,1,10,2,0,50.0,1
5.6,10,9,9,5.9,3,19,7.6,2,10,1,1,2,1,99.3,3
8.8,10,6,3,5.8,5,15,10.5,2,6,4,7,2,2,100.0,3
10.3,9,8,3,3.3,7,0,2.6,4,2,9,2,0,2,100.0,3
12.5,8,3,5,6.9,7,16,3.9,4,6,8,2,1,0,49.6,1
9.6,3,8,5,8.0,5,13,5.3,2,6,7,8,1,1,59.2,2
11.1,14,2,10,3.8,2,18,3.8,7,2,1,9,1,2,100.0,3
3.9,3,4,2,5.1,0,16,6.1,6,6,3,6,0,2,94.7,3
7.5,11,3,1,8.5,4,13,8.3,3,6,9,1,2,2,64.6,2
2.1,6,10,8,5.6,5,7,9.9,8,6,9,1,0,2,100.0,3
5.0,1,1,3,4.7,1,8,13.5,8,5,5,7,1,2,93.9,3
10.7,7,7,1,7.7,2,7,13.1,1,7,6,8,1,0,100.0,3
13.9,5,10,1,4.4,5,12,8.4,3,5,6,3,1,0,100.0,3
3.2,2,2,2,9.3,5,16,10.5,5,1,10,9,0,0,47.5,1
6.8,8,4,6,3.7,2,18,13.4,2,9,4,4,1,2,97.5,3
11.6,4,9,6,7.9,2,6,2.1,5,3,1,4,2,2,100.0,3
4.4,7,6,3,6.5,3,16,1.1,10,2,5,3,0,2,97.0,3
8.7,6,8,4,9.1,5,0,1.4,3,10,1,8,2,0,100.0,3
10.8,13,2,2,3.9,4,4,8.3,9,6,1,9,1,2,100.0,3
9.4,7,7,2,7.7,1,5,10.9,1,8,5,1,1,0,94.8,3
4.3,6,6,7,7.0,0,1,5.8,4,2,5,2,0,2,72.3,2
6.3,2,9,1,6.4,0,15,8.1,10,4,7,1,2,0,91.9,3
11.4,1,7,7,6.4,4,4,7.7,6,2,2,4,0,1,83.9,3
8.7,6,1,1,8.1,7,4,2.2,9,9,6,10,2,2,97.5,3
2.1,2,8,6,9.6,2,11,5.2,3,10,2,7,1,2,97.1,3
11.1,2,10,3,3.6,2,2,1.3,3,2,10,7,0,0,98.0,3
2.4,1,3,8,3.1,7,15,2.4,5,10,5,6,0,2,76.2,3
10.9,3,2,6,8.6,2,5,11.6,7,2,4,5,2,0,68.9,2
4.4,7,3,2,3.8,7,14,11.8,5,5,10,4,1,0,69.3,2
13.5,11,6,8,9.9,5,14,11.4,8,5,5,8,1,1,100.0,3
6.4,0,3,5,7.3,7,15,10.4,5,7,2,7,2,1,56.2,2
5.9,0,10,8,7.6,2,19,11.3,7,1,8,10,2,2,91.1,3
3.8,11,5,8,4.4,2,12,9.7,6,2,8,1,2,2,90.6,3
5.7,13,6,6,4.7,5,11,9.7,10,6,6,6,2,0,100.0,3
12.5,4,8,2,7.6,7,9,9.7,2,2,3,2,2,0,65.9,2
14.0,10,7,8,9.4,5,13,7.7,3,4,4,4,1,0,94.3,3
6.4,4,8,6,9.9,4,1,5.7,4,10,1,5,1,0,100.0,3
7.4,10,3,6,4.4,3,2,10.5,5,6,9,8,0,2,100.0,3
10.7,11,4,8,3.9,5,8,4.9,9,7,10,6,1,1,94.0,3
12.6,0,6,1,3.4,1,10,8.1,6,10,5,2,2,2,100.0,3
9.1,5,7,2,9.1,2,10,6.6,1,5,8,5,1,2,68.4,2
6.7,0,9,9,5.1,3,9,4.6,3,8,3,5,1,2,86.5,3
7.0,4,1,8,3.0,0,13,13.7,7,6,4,6,1,1,92.9,3
10.3,8,8,7,4.6,4,8,4.4,8,5,4,1,0,2,100.0,3
2.0,11,8,7,5.4,7,19,5.0,7,4,8,8,0,1,96.6,3
9.4,13,6,5,9.9,3,9,3.1,5,6,9,3,2,0,77.7,3
6.3,4,4,2,6.7,5,8,11.7,10,6,3,5,2,2,100.0,3
11.5,5,3,6,4.4,2,4,8.6,8,6,7,7,0,0,100.0,3
3.1,7,3,10,5.3,2,7,9.0,9,1,9,3,1,0,51.0,1
9.1,10,6,3,5.3,2,10,11.7,7,6,2,10,1,0,100.0,3
7.8,0,8,4,3.1,3,0,5.5,9,1,4,6,0,2,100.0,3
9.7,13,7,10,3.9,2,9,3.5,1,5,3,5,2,0,83.2,3
2.8,1,1,2,7.9,5,0,3.6,9,7,8,7,1,2,69.5,2
9.0,8,6,2,3.8,7,6,10.5,3,1,4,10,2,0,98.3,3
8.7,2,7,8,4.6,3,13,9.0,6,1,9,3,1,2,58.1,2
8.7,5,7,8,5.5,2,4,3.7,8,6,1,2,2,2,100.0,3
9.2,4,9,10,8.3,0,16,2.9,3,7,1,4,1,2,87.9,3
10.1,10,10,6,7.1,0,5,2.6,4,6,4,3,2,0,100.0,3
11.7,1,5,5,7.8,1,15,9.2,7,5,3,4,2,2,99.0,3
5.2,13,1,8,7.0,2,10,1.0,7,6,3,7,2,0,87.4,3
11.9,14,2,4,7.8,2,9,1.2,4,3,10,5,0,1,63.6,2
8.0,6,4,4,3.0,3,14,6.1,9,9,2,4,2,0,100.0,3
2.9,3,5,5,9.5,3,6,10.0,3,5,10,6,0,0,50.8,1
2.7,0,9,1,3.8,6,1,10.0,8,2,10,7,0,2,100.0,3
6.0,12,1,1,5.8,7,11,6.6,8,10,2,5,2,0,100.0,3
11.4,3,3,2,8.4,2,18,10.0,4,10,8,7,0,1,88.2,3
10.5,5,5,8,6.0,1,11,7.8,7,7,1,3,0,2,100.0,3
11.5,6,3,7,9.6,7,15,13.7,4,3,8,7,0,0,69.2,2
8.2,14,4,10,6.3,2,5,3.1,1,1,10,3,1,0,32.3,1
7.3,6,3,9,9.1,7,2,8.8,1,3,3,6,2,2,56.9,2
3.8,13,4,5,8.7,5,1,7.4,1,9,2,8,0,2,100.0,3
5.9,6,1,2,9.9,3,19,3.5,2,5,9,6,2,0,30.3,1
7.2,2,8,7,9.5,2,4,10.7,6,7,5,10,0,0,100.0,3
3.1,5,4,8,9.3,7,10,4.6,10,3,5,3,2,2,55.5,2
4.6,12,7,7,8.1,3,2,6.0,5,4,6,5,0,2,100.0,3
9.2,7,2,7,5.6,2,2,5.9,2,1,4,9,1,1,57.6,2
10.8,3,2,5,3.7,4,4,4.2,8,3,7,8,1,1,78.8,3
14.0,12,6,2,7.8,3,10,6.6,9,7,7,6,1,1,100.0,3
13.2,7,2,6,9.9,7,2,7.2,7,4,9,9,0,2,98.0,3
9.7,1,6,4,8.1,1,12,10.7,9,2,6,2,2,2,81.0,3
7.1,14,2,10,9.5,4,7,10.9,4,5,1,9,0,2,100.0,3
9.6,9,4,2,8.6,5,19,3.1,7,5,9,10,1,0,85.2,3
11.4,8,7,9,4.1,2,9,8.7,5,2,10,10,0,2,98.5,3
3.4,8,8,7,4.7,6,1,12.7,5,6,9,6,2,0,100.0,3
6.9,7,3,6,5.4,5,3,2.4,3,10,5,9,1,2,83.5,3
12.1,9,9,5,4.2,3,17,7.1,9,4,7,4,0,2,100.0,3
6.6,13,2,3,7.1,4,18,10.8,10,1,1,5,2,0,97.8,3
8.9,12,8,10,9.8,5,3,8.9,5,3,4,2,1,2,91.8,3
9.1,9,8,10,8.3,1,19,2.3,6,9,10,3,2,2,87.8,3
4.2,0,4,4,6.0,6,8,6.2,3,10,4,1,2,2,64.6,2
6.3,1,1,3,3.0,3,15,7.6,10,7,5,4,1,1,91.6,3
6.0,5,1,8,5.2,4,5,13.9,7,6,6,2,0,2,74.4,2
2.3,9,2,3,6.7,5,3,3.3,9,1,4,2,0,0,74.5,2
2.3,4,9,7,5.3,4,8,13.8,9,9,6,1,0,0,100.0,3
12.0,11,2,7,3.8,4,12,5.9,10,9,10,10,0,0,100.0,3
5.3,13,2,7,6.1,5,8,3.6,10,1,7,2,2,2,70.9,2
8.2,8,6,7,4.8,0,5,6.4,5,6,3,4,0,0,100.0,3
5.6,4,7,2,9.4,2,18,9.0,7,7,9,6,0,1,96.9,3
13.3,1,7,10,3.7,7,13,3.8,3,2,8,7,2,0,58.7,2
5.1,9,9,3,3.3,3,14,4.8,6,10,1,7,2,2,100.0,3
7.2,3,6,10,3.0,3,2,12.1,8,8,2,7,1,1,100.0,3
12.5,8,8,9,5.3,6,4,14.0,8,8,2,4,2,0,100.0,3
12.1,0,6,3,7.6,6,17,5.1,2,6,10,5,1,1,41.4,1
4.2,10,2,2,8.1,6,13,2.9,6,9,9,3,1,0,56.9,2
11.6,0,1,9,6.2,3,15,11.3,7,3,9,1,0,2,50.2,1
7.5,11,5,10,7.8,4,13,8.8,7,2,9,8,0,1,74.6,2
7.8,6,9,9,5.5,6,8,2.3,3,2,1,10,0,0,82.1,3
3.6,10,8,4,7.7,5,14,13.3,9,6,7,7,2,0,100.0,3
3.0,2,4,9,3.3,2,6,2.0,2,7,3,9,2,1,61.5,2
10.7,9,5,3,5.7,1,13,9.1,3,6,9,10,0,1,100.0,3
8.0,1,5,7,8.5,3,5,6.5,2,3,8,4,0,1,38.0,1
7.2,8,6,7,8.6,5,14,8.2,9,5,3,5,2,1,89.2,3
10.8,2,3,8,8.0,2,19,3.8,4,8,1,5,1,0,62.6,2
11.2,1,5,10,4.4,2,7,9.9,2,6,9,7,1,0,61.9,2
3.9,11,2,4,4.7,0,1,13.5,3,2,10,9,0,0,95.6,3
9.3,7,10,3,10.0,7,7,7.0,4,7,1,8,0,2,100.0,3
3.6,9,1,3,3.7,5,0,7.8,10,8,3,7,0,1,100.0,3
11.0,5,1,5,4.3,3,16,4.1,6,4,6,1,1,0,55.1,2
9.9,5,10,1,3.9,6,18,12.6,5,1,6,10,0,1,100.0,3
13.5,9,7,10,5.3,4,4,13.6,3,2,10,6,1,1,93.7,3
2.8,10,2,3,4.5,6,19,11.2,10,4,4,10,2,0,100.0,3
2.7,6,4,6,6.5,2,15,8.1,8,7,2,9,2,1,100.0,3
5.4,6,5,3,6.3,2,6,13.4,8,2,10,7,2,1,87.4,3
